,nom de telephone,prix,images
0,"Samsung Galaxy A13 6.6"" LTE 4GB RAM + 64GB ROM 50 Mpx - Blue","1,772.00 Dhs",https://ma.jumia.is/unsafe/fit-in/300x300/filters:fill(white)/product/83/171705/1.jpg?3372
1,Samsung Galaxy A03 (4Go Ram - 64Go ROM) - Noir,"1,349.00 Dhs",https://ma.jumia.is/unsafe/fit-in/300x300/filters:fill(white)/product/52/106305/1.jpg?9411
2,Samsung Galaxy A03 (4Go Ram - 64Go ROM) - Bleu,"1,349.00 Dhs",https://ma.jumia.is/unsafe/fit-in/300x300/filters:fill(white)/product/21/795305/1.jpg?9361
3,"Samsung Galaxy A23 6.6"" LTE 4GB RAM + 128GB ROM - 50 Mpx - Blue","2,166.00 Dhs",https://ma.jumia.is/unsafe/fit-in/300x300/filters:fill(white)/product/24/171705/1.jpg?3371
4,"XIAOMI Redmi Note 11 Pro - FHD+ de 6,67’’(6Go, 128Go) - 108MP- Gris - Band + Écouteur","3,099.00 Dhs",https://ma.jumia.is/unsafe/fit-in/300x300/filters:fill(white)/product/99/186585/1.jpg?7185
5,"Samsung Galaxy A23 6.6"" LTE 4GB RAM + 128GB ROM - 50 Mpx - Black","2,166.00 Dhs",https://ma.jumia.is/unsafe/fit-in/300x300/filters:fill(white)/product/44/171705/1.jpg?3371
6,"Samsung Galaxy A04 - 6.5"" - 4GB RAM + 64GB ROM - 50MP - Black","1,429.00 Dhs",https://ma.jumia.is/unsafe/fit-in/300x300/filters:fill(white)/product/01/485685/1.jpg?4863
7,"Samsung Galaxy A04 - 6.5"" - 4GB RAM + 64GB ROM - 50MP - Copper","1,429.00 Dhs",https://ma.jumia.is/unsafe/fit-in/300x300/filters:fill(white)/product/90/485685/1.jpg?4864
8,"XIAOMI Redmi A1+ 6.52"" - 2GB + 32GB - 8MPx – Noir","1,150.00 Dhs",https://ma.jumia.is/unsafe/fit-in/300x300/filters:fill(white)/product/61/320085/4.jpg?0914
9,"XIAOMI Redmi Note 10  Pro - 6.67"" (8Go, 128Go) 108MP / 8MP - Gris + Band + Écouteur","3,099.00 Dhs",https://ma.jumia.is/unsafe/fit-in/300x300/filters:fill(white)/product/99/339585/1.jpg?6885
10,Samsung GALAXY M52- 5G - 128Gb ROM – 8Gb RAM - 64 Mpx - Android - Blanc,"3,249.00 Dhs",https://ma.jumia.is/unsafe/fit-in/300x300/filters:fill(white)/product/03/638425/1.jpg?9249
11,"XIAOMI Redmi 10A – 6,53’’ - 3 GB RAM + 64 GB ROM - 13Mpx – Graphite gray","1,529.00 Dhs",https://ma.jumia.is/unsafe/fit-in/300x300/filters:fill(white)/product/24/720125/1.jpg?2487
12,"Samsung Galaxy A13 6.6"" LTE 4GB RAM + 64GB ROM 50 Mpx - Black","1,772.00 Dhs",https://ma.jumia.is/unsafe/fit-in/300x300/filters:fill(white)/product/04/171705/1.jpg?3372
13,"Itel BRAND MOBILE PHONE P38 - 6.6"" - 32GB ROM - 2GB RAM - Galaxy Blue",884.00 Dhs,https://ma.jumia.is/unsafe/fit-in/300x300/filters:fill(white)/product/31/289075/1.jpg?9466
14,Samsung Galaxy A03 Core Noir 2G Ram 32G Storage,"1,100.00 Dhs",https://ma.jumia.is/unsafe/fit-in/300x300/filters:fill(white)/product/09/515774/1.jpg?7520
15,"XIAOMI Redmi A1+ 6.52"" - 2GB + 32GB - 8MPx – Bleu","1,150.00 Dhs",https://ma.jumia.is/unsafe/fit-in/300x300/filters:fill(white)/product/72/320085/4.jpg?1001
16,"Huawei Y5P 5.45"" (2Go, 32Go) 8MP/5MP Android - Vert",999.00 Dhs,https://ma.jumia.is/unsafe/fit-in/300x300/filters:fill(white)/product/46/297193/1.jpg?9166
17,"Itel BRAND MOBILE PHONE 5"" - A33 plus - 32GB ROM + 1GB RAM - Bleu",689.00 Dhs,https://ma.jumia.is/unsafe/fit-in/300x300/filters:fill(white)/product/70/289075/1.jpg?9466
18,"Samsung Galaxy A13 6.6"" LTE 4GB RAM + 128GB ROM 50 Mpx - Black","2,018.00 Dhs",https://ma.jumia.is/unsafe/fit-in/300x300/filters:fill(white)/product/92/171705/1.jpg?3374
19,"XIAOMI Redmi Note 11 Pro - FHD+ de 6,67’’(6Go, 128Go) - 108MP- Gris - Band + Écouteur","3,099.00 Dhs",https://ma.jumia.is/unsafe/fit-in/300x300/filters:fill(white)/product/61/235365/1.jpg?5941
20,"Itel BRAND MOBILE PHONE 5"" - A33 plus - 32GB ROM + 1GB RAM - Noir",689.00 Dhs,https://ma.jumia.is/unsafe/fit-in/300x300/filters:fill(white)/product/80/289075/1.jpg?9466
21,XIAOMI Redmi 10C (4GB -64GB) Snapdragon 680 -5000 mAh-50 MP- NFC-Gray,"1,630.00 Dhs",https://ma.jumia.is/unsafe/fit-in/300x300/filters:fill(white)/product/17/472585/1.jpg?8006
22,XIAOMI Redmi 10C (4GB -128GB) Snapdragon 680 -5000 mAh-50 MP- NFC-Gray,"1,790.00 Dhs",https://ma.jumia.is/unsafe/fit-in/300x300/filters:fill(white)/product/50/741175/1.jpg?7547
23,"Itel BRAND MOBILE PHONE P38 - 6.6"" - 32GB ROM - 2GB RAM - Nebula Black",880.00 Dhs,https://ma.jumia.is/unsafe/fit-in/300x300/filters:fill(white)/product/41/289075/1.jpg?9466
24,"Samsung Galaxy A13 6.6"" LTE 4GB RAM + 64GB ROM 50 Mpx - White","1,772.00 Dhs",https://ma.jumia.is/unsafe/fit-in/300x300/filters:fill(white)/product/53/171705/1.jpg?3373
25,"XIAOMI Redmi 10 - 4G - 6.5"" - (4Go, 64Go) - 50MP/8MP - Android - Bleu + Band + Écouteur","1,899.00 Dhs",https://ma.jumia.is/unsafe/fit-in/300x300/filters:fill(white)/product/15/439585/1.jpg?6329
26,"XIAOMI Redmi Note 11 6,5"" (4Go, 128Go) MediaTek Helio G88 - 50MP/8MP+Kit+Band- Gris","2,349.00 Dhs",https://ma.jumia.is/unsafe/fit-in/300x300/filters:fill(white)/product/41/135694/1.jpg?1768
27,"Samsung Galaxy M33 - 6.6"" - 5G - 6GB RAM+128GB ROM - 50Mpx - Blue","2,599.00 Dhs",https://ma.jumia.is/unsafe/fit-in/300x300/filters:fill(white)/product/02/595445/1.jpg?5695
28,"XIAOMI Redmi Note 11 Pro - FHD+ 6,67’’ - (6Go, 128Go) -108MP- Blanc - Band + Écouteur","3,099.00 Dhs",https://ma.jumia.is/unsafe/fit-in/300x300/filters:fill(white)/product/50/406985/1.jpg?5689
29,"Samsung Galaxy A13 6.6"" LTE 4GB RAM + 128GB ROM 50 Mpx - Blue","2,018.00 Dhs",https://ma.jumia.is/unsafe/fit-in/300x300/filters:fill(white)/product/72/171705/1.jpg?3375
30,XIAOMI Redmi 9A (2Go/32Go) Dual Sim- 5000mAh - Bleu +Kit+ Incassable,"1,239.00 Dhs",https://ma.jumia.is/unsafe/fit-in/300x300/filters:fill(white)/product/58/594384/1.jpg?1060
31,"Samsung GALAXY A03 Core - 6.5"" - 2GB RAM + 32GB ROM - 48 Mpx - pink","1,149.00 Dhs",https://ma.jumia.is/unsafe/fit-in/300x300/filters:fill(white)/product/18/140845/1.jpg?2364
32,Infinix SMART 6 X6511B 32+2 - Light Sea Green,"1,189.00 Dhs",https://ma.jumia.is/unsafe/fit-in/300x300/filters:fill(white)/product/05/080015/1.jpg?8001
33,Samsung GALAXY M52- 5G – 128Gb ROM - 8Gb RAM - Noir,"3,990.00 Dhs",https://ma.jumia.is/unsafe/fit-in/300x300/filters:fill(white)/product/52/638425/1.jpg?9250
34,"Infinix Note 12 - 6.7"" - (8 Go-256 Go) AMOLED -Helio G 96 - 50 MP - Noir","2,690.00 Dhs",https://ma.jumia.is/unsafe/fit-in/300x300/filters:fill(white)/product/58/116155/1.jpg?8867
35,"XIAOMI Redmi 9C 6.53"" (4Go, 128 Go) Android 13MP+2MP+2MP/5MP - Violet +Kit+ Band","1,799.00 Dhs",https://ma.jumia.is/unsafe/fit-in/300x300/filters:fill(white)/product/07/069794/1.jpg?0987
36,XIAOMI Redmi 9A (2Go/32Go) Dual Sim- 5000mAh - Bleu,"1,195.00 Dhs",https://ma.jumia.is/unsafe/fit-in/300x300/filters:fill(white)/product/15/535904/1.jpg?0401
37,"Nokia 5.1 Plus  5.8""HD 4G+ ( 32Gb Ram 3Go ) Double SIM -13MP- Black","1,139.00 Dhs",https://ma.jumia.is/unsafe/fit-in/300x300/filters:fill(white)/product/51/502015/1.jpg?8792
38,"Samsung Galaxy A32 ( 6 GB + 128 GB ) - 64 MP - 6.4""- 5,000mAh - Bleu + Kit + Montre","2,899.00 Dhs",https://ma.jumia.is/unsafe/fit-in/300x300/filters:fill(white)/product/22/317714/1.jpg?4269
39,Samsung Galaxy A03 Core Noir 2G Ram 32G Storage,"1,099.90 Dhs",https://ma.jumia.is/unsafe/fit-in/300x300/filters:fill(white)/product/45/404165/1.jpg?4517
50,Samsung GALAXY M52- 5G – 128Go ROM - 8Go Ram - 64 Mpx - Android - Bleu,"3,990.00 Dhs",https://ma.jumia.is/unsafe/fit-in/300x300/filters:fill(white)/product/72/638425/1.jpg?9249
51,"Oppo A16K (3Go+32Go) - Design 3D -  6,52"" HD+ Eye Care - 4230mAh - Blue","1,299.00 Dhs",https://ma.jumia.is/unsafe/fit-in/300x300/filters:fill(white)/product/77/049905/1.jpg?5583
52,"Samsung Galaxy M53 5G - 6.7"" - 108 Mpx - 8GB RAM - 256GB ROM - Blue + écouteurs AKG - Garantie 12 mois","4,739.00 Dhs",https://ma.jumia.is/unsafe/fit-in/300x300/filters:fill(white)/product/22/230635/1.jpg?6846
53,"Itel BRAND MOBILE PHONE 6,3"" - A58 LITE - 16GB ROM - 1GB RAM - Wave Blue",769.00 Dhs,https://ma.jumia.is/unsafe/fit-in/300x300/filters:fill(white)/product/21/289075/1.jpg?9465
54,"Nokia C20 6.5"" (2Go, 16Go) 5MP/5MP Android - Bleu",949.00 Dhs,https://ma.jumia.is/unsafe/fit-in/300x300/filters:fill(white)/product/53/655424/1.jpg?0686
55,"Huawei nova Y70 - 6,75"" - 4GB+128GB - Crystal Blue Dual Card","1,999.00 Dhs",https://ma.jumia.is/unsafe/fit-in/300x300/filters:fill(white)/product/22/187345/1.jpg?8673
56,realme 9Pro - MOBILE PHONE - RMX3472 - 128GB - 8GB - Aurora Green,"3,030.00 Dhs",https://ma.jumia.is/unsafe/fit-in/300x300/filters:fill(white)/product/58/846505/1.jpg?0667
57,"Alcatel Smartphone 4G 6.22"" Gsm 1v-Dual SIM-13MP-32GB-RAM2GB-Empreinte-Noir",997.00 Dhs,https://ma.jumia.is/unsafe/fit-in/300x300/filters:fill(white)/product/89/295665/1.jpg?1754
58,XIAOMI Redmi 10C (4GB -128GB) Snapdragon 680 - 5000 mAh-50 MP - Gris - Band + Écouteur,"1,999.00 Dhs",https://ma.jumia.is/unsafe/fit-in/300x300/filters:fill(white)/product/90/755585/1.jpg?6704
59,"Samsung Galaxy S21 Plus 5G ( 256 Go, 8Go ) Android 12  Phantom Black 6.7"" - Remis à Neuf","6,450.00 Dhs",https://ma.jumia.is/unsafe/fit-in/300x300/filters:fill(white)/product/56/980835/1.jpg?2680
60,"XIAOMI Redmi 9C 6.53"" (4Go, 128 Go) Android 13MP+2MP+2MP/5MP - Violet","1,599.00 Dhs",https://ma.jumia.is/unsafe/fit-in/300x300/filters:fill(white)/product/59/398184/1.jpg?4545
61,Samsung GALAXY M13 6.6” 4GB 128GB Light Bleu,"1,999.00 Dhs",https://ma.jumia.is/unsafe/fit-in/300x300/filters:fill(white)/product/49/659485/1.jpg?7649
62,"Samsung Galaxy A32 ( 6 GB + 128 GB ) - 64 MP - 6.4""- 5,000mAh - Blanc","2,749.00 Dhs",https://ma.jumia.is/unsafe/fit-in/300x300/filters:fill(white)/product/07/930604/1.jpg?9893
63,"Itel BRAND MOBILE PHONE P38 - 6.6"" - 32GB ROM - 2GB RAM - Spruce Green",884.00 Dhs,https://ma.jumia.is/unsafe/fit-in/300x300/filters:fill(white)/product/51/289075/1.jpg?9467
64,"Itel BRAND MOBILE PHONE - 6.8"" - P38Pro - 64GB ROM + 2GB RAM - Ocean Blue","1,199.00 Dhs",https://ma.jumia.is/unsafe/fit-in/300x300/filters:fill(white)/product/61/289075/1.jpg?9465
65,"Oppo A16K (3Go+32Go) - Design 3D -  6,52"" HD+ Eye Care - 4230mAh -  Black","1,299.00 Dhs",https://ma.jumia.is/unsafe/fit-in/300x300/filters:fill(white)/product/76/049905/1.jpg?5584
66,"Oppo A96 (8Go+ 256Go)- 6,59"" FHD+ 90Hz- 5000mAh+33W - 50MP- RAM+ Sunset Blue","3,399.00 Dhs",https://ma.jumia.is/unsafe/fit-in/300x300/filters:fill(white)/product/71/022205/1.jpg?5044
67,"XIAOMI Redmi 10 - 4G - 6.5"" - (4Go, 64Go) - 50MP - Android - Blanc + Band + Écouteur","1,899.00 Dhs",https://ma.jumia.is/unsafe/fit-in/300x300/filters:fill(white)/product/70/755585/1.jpg?6040
68,Samsung Galaxy A52 - 6.5'' - (8GB - 128GB)  -64MP+12MP+5MP+5MP/32MP+Kit + Band-Bleu,"3,590.00 Dhs",https://ma.jumia.is/unsafe/fit-in/300x300/filters:fill(white)/product/05/480314/1.jpg?3559
69,"Samsung Galaxy A32 ( 6 GB + 128 GB ) - 64 MP - 6.4""- 5,000mAh - Noir + Kit + Montre","2,870.00 Dhs",https://ma.jumia.is/unsafe/fit-in/300x300/filters:fill(white)/product/06/930604/1.jpg?1382
70,"Samsung Galaxy S10 Plus - Noir ( 128Go, 8Go ) / Remise à neuf","3,749.00 Dhs",https://ma.jumia.is/unsafe/fit-in/300x300/filters:fill(white)/product/10/834365/1.jpg?9598
71,Samsung GALAXY M13 6.6” 4GB 128GB Orange copper,"1,999.00 Dhs",https://ma.jumia.is/unsafe/fit-in/300x300/filters:fill(white)/product/39/659485/1.jpg?7649
72,Infinix Hot 12 Play X6816 128 Rom 4 Ram - Racing Black,"1,680.00 Dhs",https://ma.jumia.is/unsafe/fit-in/300x300/filters:fill(white)/product/69/564785/1.jpg?9018
73,"XIAOMI Redmi 10A – 6,53’’ - 4 GB RAM + 128 GB ROM - 13Mpx – Graphite gray","1,679.00 Dhs",https://ma.jumia.is/unsafe/fit-in/300x300/filters:fill(white)/product/06/720125/1.jpg?2764
74,"Huawei Y5P 5.45"" (2Go, 32Go) 8MP/5MP Android - Bleu",999.00 Dhs,https://ma.jumia.is/unsafe/fit-in/300x300/filters:fill(white)/product/36/297193/1.jpg?9166
75,"Samsung Galaxy M33 - 6.6"" - 5G - 6GB RAM+128GB ROM - 50Mpx – Green","2,599.00 Dhs",https://ma.jumia.is/unsafe/fit-in/300x300/filters:fill(white)/product/12/595445/1.jpg?5695
76,Samsung GALAXY M52 - 128Go - 8Go Ram - 64 Mpx - Android - Bleu,"3,545.00 Dhs",https://ma.jumia.is/unsafe/fit-in/300x300/filters:fill(white)/product/84/544134/1.jpg?8464
77,Samsung Galaxy A52 - 6.5'' - (8GB - 128GB)  -64MP+12MP+5MP+5MP/32MP- 4G -Noir,"3,490.00 Dhs",https://ma.jumia.is/unsafe/fit-in/300x300/filters:fill(white)/product/64/480314/1.jpg?2835
78,realme C25Y RMX3269 64GB+4GB Metal grey,"1,491.00 Dhs",https://ma.jumia.is/unsafe/fit-in/300x300/filters:fill(white)/product/57/313494/1.jpg?1463
79,"Samsung Galaxy A13 6.6"" LTE 4GB RAM + 128GB ROM 50 Mpx - White","2,018.00 Dhs",https://ma.jumia.is/unsafe/fit-in/300x300/filters:fill(white)/product/33/171705/1.jpg?3373
80,Infinix Hot 12 Play X6816 128 Rom 4 Ram - Champagne Gold,"1,680.00 Dhs",https://ma.jumia.is/unsafe/fit-in/300x300/filters:fill(white)/product/14/374785/1.jpg?2388
81,"XIAOMI Redmi 9C 6.53"" (4Go, 128 Go) Android 13MP+2MP+2MP/5MP - GRIS","1,649.00 Dhs",https://ma.jumia.is/unsafe/fit-in/300x300/filters:fill(white)/product/64/050384/1.jpg?1961
82,"XIAOMI Redmi 10C – 6.71"" - 4GB RAM 128GB ROM – 50Mpx - GRAPHITE GRAY","1,969.00 Dhs",https://ma.jumia.is/unsafe/fit-in/300x300/filters:fill(white)/product/31/970015/1.jpg?5151
83,"Huawei P30 Lite 6.16"" (128Go, 4Go) Android 9.0 24MP+8MP+2MP/32MP - Bleu Paon","1,890.00 Dhs",https://ma.jumia.is/unsafe/fit-in/300x300/filters:fill(white)/product/69/331472/1.jpg?0225
84,"realme C11 (64+4 Gb) 6.5"" -Dual Sim - 5000mAh - 13Mp+2Mp AI double caméra - Gris","1,399.00 Dhs",https://ma.jumia.is/unsafe/fit-in/300x300/filters:fill(white)/product/87/278885/1.jpg?2226
85,"Oppo RENO 7 - 6,4"" - ( 8Go RAM + 256Go ROM )+ Kit + Smart Band +Orange","4,299.00 Dhs",https://ma.jumia.is/unsafe/fit-in/300x300/filters:fill(white)/product/49/852135/1.jpg?5134
86,"Samsung Galaxy A03 - 6,5' HD+  4Go Ram - 128Go - 48MP- 5000 mAh - Noir + Band + Écouteur","1,849.00 Dhs",https://ma.jumia.is/unsafe/fit-in/300x300/filters:fill(white)/product/73/864345/1.jpg?1957
87,"Nokia C01 Plus 4G 5.45"" (1Go, 16Go) 5MP/5MP Android - Bleu",890.00 Dhs,https://ma.jumia.is/unsafe/fit-in/300x300/filters:fill(white)/product/78/529524/1.jpg?6247
88,"Iku X3 - 6.52"" (6 Go -128 Go) Dual Sim-4G - 48MP- 16MP - Mediatek - 5000 mAh- Bleu","1,699.00 Dhs",https://ma.jumia.is/unsafe/fit-in/300x300/filters:fill(white)/product/98/881284/1.jpg?9412
89,XIAOMI Mi 11T - 5G - 8GB +128GB - 6.67''- 8K - 108 MP - Mediatek Dimensity 1200 - Gris,"4,290.00 Dhs",https://ma.jumia.is/unsafe/fit-in/300x300/filters:fill(white)/product/82/269815/1.jpg?7919
100,"Itel Smartphone 5"" Gsm A16plus 3G+-Dual SIM-inch -5MP -8GB -1GB RAM -Gold",739.00 Dhs,https://ma.jumia.is/unsafe/fit-in/300x300/filters:fill(white)/product/54/806935/1.jpg?6941
101,Samsung Galaxy A52S - 5G - 6.5'' - (8GB - 256GB)  -64MP+12MP+5MP/32MP- 5G -Blanc,"4,590.00 Dhs",https://ma.jumia.is/unsafe/fit-in/300x300/filters:fill(white)/product/36/294364/1.jpg?6659
102,"Samsung Galaxy A32 ( 6 GB + 128 GB ) - 64 MP - 6.4""- 5,000mAh - Bleu","2,790.00 Dhs",https://ma.jumia.is/unsafe/fit-in/300x300/filters:fill(white)/product/32/317714/1.jpg?4269
103,"realme 9i MOBILE PHONE RMX3491 6.6"" 128GB + 4GB 50 Mpx - Prism Blue","1,999.00 Dhs",https://ma.jumia.is/unsafe/fit-in/300x300/filters:fill(white)/product/35/561605/1.jpg?4068
104,"XIAOMI Redmi 10A – 6,53’’ - 3 GB RAM + 64 GB ROM - 13Mpx - Sky blue","1,529.00 Dhs",https://ma.jumia.is/unsafe/fit-in/300x300/filters:fill(white)/product/14/720125/1.jpg?2476
105,"Oppo A83 - 5.7"" - 64GB - 4GB - 13MP Camera - Dual SIM - 4G - Rouge","2,399.00 Dhs",https://ma.jumia.is/unsafe/fit-in/300x300/filters:fill(white)/product/18/445323/1.jpg?6916
106,"Samsung Galaxy A33 6,4"" (128GO,8GO), 5G - Noir","3,749.00 Dhs",https://ma.jumia.is/unsafe/fit-in/300x300/filters:fill(white)/product/58/782894/1.jpg?2384
107,Samsung Galaxy Note 9 - 128 Go - 6 Go - Android - Noir,"5,590.00 Dhs",https://ma.jumia.is/unsafe/fit-in/300x300/filters:fill(white)/product/11/761063/1.jpg?6264
108,"Huawei nova Y70 - 6,75"" - 4GB+128GB - Midnight Black Dual Card","2,099.00 Dhs",https://ma.jumia.is/unsafe/fit-in/300x300/filters:fill(white)/product/94/773445/1.jpg?8407
109,"XIAOMI Redmi Note 10  Pro - 6.67"" (8Go, 128Go) 108MP / 8MP - Gris + Kit + Band","2,990.00 Dhs",https://ma.jumia.is/unsafe/fit-in/300x300/filters:fill(white)/product/11/933054/1.jpg?8177
110,"Itel BRAND MOBILE PHONE 6,3"" -  A58 LITE - 32GB ROM - 2GB RAM - Wave Blue",839.00 Dhs,https://ma.jumia.is/unsafe/fit-in/300x300/filters:fill(white)/product/01/289075/1.jpg?9465
111,realme 9i MOBILE PHONE RMX3491 128GB+4GB Prism Blue,"1,999.00 Dhs",https://ma.jumia.is/unsafe/fit-in/300x300/filters:fill(white)/product/94/890505/1.jpg?2727
112,"Samsung Galaxy A33 6,4"" (128GO,8GO), 5G - Bleu","3,349.00 Dhs",https://ma.jumia.is/unsafe/fit-in/300x300/filters:fill(white)/product/48/782894/1.jpg?2384
113,"Infinix SMART 6 PLUS X6823 - 6,82"" - 64GB ROM + 2GB RAM - Tranquil Sea Blue","1,299.00 Dhs",https://ma.jumia.is/unsafe/fit-in/300x300/filters:fill(white)/product/71/389485/1.jpg?5528
114,"Samsung Galaxy A33 6,4"" (128GO,8GO), 5G - Blanc","3,349.00 Dhs",https://ma.jumia.is/unsafe/fit-in/300x300/filters:fill(white)/product/78/782894/1.jpg?2387
115,XIAOMI Redmi 10C (4GB -128GB) Snapdragon 680 - 5000 mAh-50 MP - Gris - Band + Écouteur,"1,999.00 Dhs",https://ma.jumia.is/unsafe/fit-in/300x300/filters:fill(white)/product/34/527285/1.jpg?4104
116,XIAOMI Redmi 9A (2Go/32Go) Dual Sim- 5000mAh - Vert,"1,199.00 Dhs",https://ma.jumia.is/unsafe/fit-in/300x300/filters:fill(white)/product/45/535904/1.jpg?0400
117,"XIAOMI Mi 10T 6.67"" (8Go, 128Go) 64MP+13MP+5MP/20MP Android 10 - Noir","4,699.00 Dhs",https://ma.jumia.is/unsafe/fit-in/300x300/filters:fill(white)/product/98/709193/1.jpg?0665
118,"XIAOMI Redmi A1+ (32GO,2GO)-bleu","1,249.00 Dhs",https://ma.jumia.is/unsafe/fit-in/300x300/filters:fill(white)/product/92/011585/1.jpg?5240
119,Samsung Galaxy A52 - 6.5'' - (8GB - 128GB)  -64MP+12MP+5MP+5MP/32MP+Kit + Band -Blanc,"3,599.00 Dhs",https://ma.jumia.is/unsafe/fit-in/300x300/filters:fill(white)/product/79/029335/1.jpg?3511
120,"Samsung Galaxy M33 - 6.6"" - 5G - 6GB RAM+128GB ROM - 50Mpx – Brown","2,599.00 Dhs",https://ma.jumia.is/unsafe/fit-in/300x300/filters:fill(white)/product/22/595445/1.jpg?5694
121,Samsung Note 20 Ultra 8GB/256GB Mysthic Black,"9,500.00 Dhs",https://ma.jumia.is/unsafe/fit-in/300x300/filters:fill(white)/product/33/133273/1.jpg?5617
122,Vivo Y22 caméra ultra claire 50 MP-64+4Go- Helio G85-  Vert Métaverse,"1,799.00 Dhs",https://ma.jumia.is/unsafe/fit-in/300x300/filters:fill(white)/product/69/992585/1.jpg?5948
123,"XIAOMI Redmi Note 11 Pro - FHD+ de 6,67’’(6Go, 128Go) - 108MP- Bleu - Band + Écouteur","3,099.00 Dhs",https://ma.jumia.is/unsafe/fit-in/300x300/filters:fill(white)/product/88/186585/1.jpg?6520
124,"Samsung Galaxy S21 5G ( 128Go, 8Go ) Android 11 Gris 6.2"" - Remis à Neuf","5,990.00 Dhs",https://ma.jumia.is/unsafe/fit-in/300x300/filters:fill(white)/product/22/846415/1.jpg?0277
125,"Infinix NOTE 12 X670 - 6.7"" - 256GB ROM + 8GB RAM - 50 Mpx - Snowfall","2,250.00 Dhs",https://ma.jumia.is/unsafe/fit-in/300x300/filters:fill(white)/product/24/641445/1.jpg?9844
126,"Itel BRAND MOBILE PHONE 5"" - A33 plus - 32GB ROM + 2GB RAM - Bleu",742.00 Dhs,https://ma.jumia.is/unsafe/fit-in/300x300/filters:fill(white)/product/50/289075/1.jpg?9466
127,"XIAOMI Redmi Note 11 6,5"" (4Go, 128Go) MediaTek Helio G88 - 50MP/8MP- Gris","2,299.00 Dhs",https://ma.jumia.is/unsafe/fit-in/300x300/filters:fill(white)/product/46/061384/1.jpg?5804
128,"Samsung Galaxy A03s  6.5”HD+ - 13MP - 4G + 64GB - 5,000mAh - Noir + Band + Écouteur","1,899.00 Dhs",https://ma.jumia.is/unsafe/fit-in/300x300/filters:fill(white)/product/97/953854/1.jpg?1633
129,XIAOMI Redmi 10C (4GB -128GB) Snapdragon 680 -5000 mAh-50 MP- NFC-Vert,"1,790.00 Dhs",https://ma.jumia.is/unsafe/fit-in/300x300/filters:fill(white)/product/82/859485/1.jpg?8607
130,XIAOMI Redmi 10C (4GB -64GB) Snapdragon 680 -5000 mAh-50 MP- NFC-Gray+Kit+ Band,"1,795.00 Dhs",https://ma.jumia.is/unsafe/fit-in/300x300/filters:fill(white)/product/57/472585/1.jpg?8005
131,XIAOMI Redmi 10C (4GB -128GB) Snapdragon 680 - 5000 mAh-50 MP - Bleu - Band + Écouteur,"1,999.00 Dhs",https://ma.jumia.is/unsafe/fit-in/300x300/filters:fill(white)/product/46/549875/1.jpg?6605
132,XIAOMI Redmi 10C (4GB -128GB) Snapdragon 680 -5000 mAh-50 MP- NFC-Gray+Kit+ Band,"1,990.00 Dhs",https://ma.jumia.is/unsafe/fit-in/300x300/filters:fill(white)/product/80/572585/1.jpg?8246
133,"Oppo F11 Pro 6.5"" 4G (6Go, 128Go) Android 9 48MP+5MP /16MP - Vert Aurore","3,999.00 Dhs",https://ma.jumia.is/unsafe/fit-in/300x300/filters:fill(white)/product/93/609372/1.jpg?1878
134,"Iku X3 - 6.52"" (6 Go -128 Go) Dual Sim-4G - 48MP- 16MP - Mediatek - 5000 mAh- Bleu","1,699.00 Dhs",https://ma.jumia.is/unsafe/fit-in/300x300/filters:fill(white)/product/23/693974/1.jpg?6354
135,Samsung GALAXY M13 6.6” 4GB 128GB Deep Green,"1,999.00 Dhs",https://ma.jumia.is/unsafe/fit-in/300x300/filters:fill(white)/product/59/659485/1.jpg?7648
136,"Oppo A96 (8Go+ 256Go)- 6,59"" FHD+ 90Hz- 5000mAh+33W - 50MP- RAM+ Starry Black","3,399.00 Dhs",https://ma.jumia.is/unsafe/fit-in/300x300/filters:fill(white)/product/37/101405/1.jpg?0794
137,XIAOMI Redmi 9A (2Go/32Go) Dual Sim- 5000mAh - Gris,"1,199.00 Dhs",https://ma.jumia.is/unsafe/fit-in/300x300/filters:fill(white)/product/25/535904/1.jpg?0400
138,"Samsung Galaxy Z Flip 3 5G ( 128gb, 8Go ) -Phantom Black / Remise à Neuf","5,999.00 Dhs",https://ma.jumia.is/unsafe/fit-in/300x300/filters:fill(white)/product/63/270505/1.jpg?4893
139,Vivo Y22 Caméra ultra claire 50 MP-64+4Go - Helio G85- Bleu étoilé,"1,799.00 Dhs",https://ma.jumia.is/unsafe/fit-in/300x300/filters:fill(white)/product/57/792585/1.jpg?5526
150,Samsung Galaxy A04S - 4G - 6.5’’- 4Go / 64Go - 50MP - 5000mAh - Rose + Écouteur + Watch,"1,899.00 Dhs",https://ma.jumia.is/unsafe/fit-in/300x300/filters:fill(white)/product/93/995685/1.jpg?7635
151,"realme C11 (32+2Gb) 6.5"" -Dual Sim - 5000mAh - 13Mp+2Mp AI double caméra - Gris","1,199.00 Dhs",https://ma.jumia.is/unsafe/fit-in/300x300/filters:fill(white)/product/93/248673/1.jpg?4859
152,"Oppo A83 - 5.7"" - 64GB - 4GB - 13MP Camera - Dual SIM - 4G - Bleu","2,399.00 Dhs",https://ma.jumia.is/unsafe/fit-in/300x300/filters:fill(white)/product/08/445323/1.jpg?6916
153,"XIAOMI Redmi Note 11 6,5"" (6Go, 128Go) - 50MP/8MP - Bleu - Band + Écouteur","2,480.00 Dhs",https://ma.jumia.is/unsafe/fit-in/300x300/filters:fill(white)/product/96/894685/1.jpg?3020
154,Infinix Hot 12 Play X6816 64 Rom 4 Ram - Horizon Blue,"1,599.00 Dhs",https://ma.jumia.is/unsafe/fit-in/300x300/filters:fill(white)/product/05/697685/1.jpg?0589
155,"Vivo Y01 (2Go,32Go) 5000mAh - Bleu","1,175.00 Dhs",https://ma.jumia.is/unsafe/fit-in/300x300/filters:fill(white)/product/67/595685/1.jpg?7348
156,"Nokia 5.1 Plus Telephone 5.8""HD 4G+ 32Gb Ram 3Go-Double SIM 3060mAh-13MP-Black","1,168.00 Dhs",https://ma.jumia.is/unsafe/fit-in/300x300/filters:fill(white)/product/81/473174/1.jpg?6449
157,Infinix Hot 11 (64GB /4GB Ram) - Helio G70 -13 MP-Dual Sim - VERT +Kit+Band,"1,799.00 Dhs",https://ma.jumia.is/unsafe/fit-in/300x300/filters:fill(white)/product/12/864345/1.jpg?1958
158,"Oppo A76 6,56"" 6Go RAM + 128Go ROM - Glowing Black","2,749.00 Dhs",https://ma.jumia.is/unsafe/fit-in/300x300/filters:fill(white)/product/20/296605/1.jpg?0370
159,Infinix Hot 12 Play X6816 128 Rom 4 Ram - Daylight Green,"1,650.00 Dhs",https://ma.jumia.is/unsafe/fit-in/300x300/filters:fill(white)/product/79/564785/1.jpg?9018
160,Vivo Y02s (5 000 mAh  Batterie longue durée-3 RAM +  32 Go de ROM- Noir),"1,449.00 Dhs",https://ma.jumia.is/unsafe/fit-in/300x300/filters:fill(white)/product/09/277685/1.jpg?9986
161,Samsung Galaxy A3 - 4G - 16 Go - Android 4.4 – Or,"2,749.00 Dhs",https://ma.jumia.is/unsafe/fit-in/300x300/filters:fill(white)/product/85/4058/1.jpg?6750
162,"Itel BRAND MOBILE PHONE 6,3"" - A58 LITE - 16GB ROM - 1GB RAM - Noir",769.00 Dhs,https://ma.jumia.is/unsafe/fit-in/300x300/filters:fill(white)/product/11/289075/1.jpg?9466
163,Oppo A16 (4Go+64Go) 5000mAh 13MP AI Triple Caméra- HD+ Eye-care- Pearl Blue,"1,999.00 Dhs",https://ma.jumia.is/unsafe/fit-in/300x300/filters:fill(white)/product/41/022205/1.jpg?5044
164,"Samsung Galaxy M23 5G - 6.6"" - 4GB RAM+128GB ROM - 50Mpx - Light Blue","2,399.00 Dhs",https://ma.jumia.is/unsafe/fit-in/300x300/filters:fill(white)/product/16/837285/1.jpg?8444
165,"Oppo F11 Pro Avengers Edition limitée 6.5"" (6 Go,128Go)  48MP+5MP/16MP- Bleu espace","4,599.00 Dhs",https://ma.jumia.is/unsafe/fit-in/300x300/filters:fill(white)/product/26/724182/1.jpg?1864
166,Vivo Y22 caméra ultra claire 50 MP-64+4Go- Helio G85-  Vert Métaverse,"1,899.00 Dhs",https://ma.jumia.is/unsafe/fit-in/300x300/filters:fill(white)/product/73/260885/1.jpg?2110
167,"Itel Smartphone 6.3 "" 3G+ 16G ROM -1Gb RAM-Double SIM 4000mAh-5MP-Empreinte digitale-Bleu wave",889.00 Dhs,https://ma.jumia.is/unsafe/fit-in/300x300/filters:fill(white)/product/02/639585/1.jpg?7845
168,Samsung Note 20 Ultra 8GB/256GB Mysthic White,"9,500.00 Dhs",https://ma.jumia.is/unsafe/fit-in/300x300/filters:fill(white)/product/03/133273/1.jpg?5558
169,"Oppo RENO 7 - 6,4"" - 8Go RAM + 256Go ROM - Sunset Orange","3,979.00 Dhs",https://ma.jumia.is/unsafe/fit-in/300x300/filters:fill(white)/product/00/620525/1.jpg?4958
170,"Infinix SMART 6 PLUS X6823 - 6,82"" - 64GB ROM + 3GB RAM - Miracle Black","1,350.00 Dhs",https://ma.jumia.is/unsafe/fit-in/300x300/filters:fill(white)/product/81/389485/1.jpg?5528
171,"Itel BRAND MOBILE PHONE - 6.6"" - A58 16Go + 1Go - 5 Mpx - Sky Cyan",829.00 Dhs,https://ma.jumia.is/unsafe/fit-in/300x300/filters:fill(white)/product/07/871605/1.jpg?4712
172,"Huawei nova Y70 - 6,75"" - 4GB+128GB - Pearl White Dual Card","1,999.00 Dhs",https://ma.jumia.is/unsafe/fit-in/300x300/filters:fill(white)/product/02/187345/1.jpg?8672
173,"realme Narzo 50A RMX3430 - 6.5"" - 64Go + 4Go RAM - 50 MP - Android - Oxygen Green","1,690.00 Dhs",https://ma.jumia.is/unsafe/fit-in/300x300/filters:fill(white)/product/65/332605/1.jpg?6802
174,"XIAOMI Redmi 10 - 4G - 6.5"" - (4Go, 64Go) - 50MP/8MP - Android - Gris + Band + Écouteur","1,899.00 Dhs",https://ma.jumia.is/unsafe/fit-in/300x300/filters:fill(white)/product/32/864345/1.jpg?1958
175,OnePlus Nord CE 2 Lite 5G ( 8GB/128GB ) - Bleu,"3,490.00 Dhs",https://ma.jumia.is/unsafe/fit-in/300x300/filters:fill(white)/product/30/952935/1.jpg?1986
176,"Nokia XR20 6.67"" 5G (6Go, 128Go) 48MP+13MP/8MP Android - Gris","5,990.00 Dhs",https://ma.jumia.is/unsafe/fit-in/300x300/filters:fill(white)/product/33/655424/1.jpg?0628
177,"Samsung Galaxy M33 - 6.6"" - 5G - 6GB RAM+128GB ROM -Dual Sim - 50Mpx - Blue","2,550.00 Dhs",https://ma.jumia.is/unsafe/fit-in/300x300/filters:fill(white)/product/89/649585/1.jpg?3745
178,realme 9i MOBILE PHONE RMX3491 128GB+4GB Prism Black,"1,999.00 Dhs",https://ma.jumia.is/unsafe/fit-in/300x300/filters:fill(white)/product/05/890505/1.jpg?2727
179,"Samsung GALAXY A03 Core - 6.5"" - 2GB RAM + 32GB ROM - 48 Mpx - pink","1,109.00 Dhs",https://ma.jumia.is/unsafe/fit-in/300x300/filters:fill(white)/product/65/586675/1.jpg?4892
180,Oppo A16K (3Go - 32 Go) - Ecran 90 Hz  - Son Stéréo - Bleu,"1,349.00 Dhs",https://ma.jumia.is/unsafe/fit-in/300x300/filters:fill(white)/product/94/400635/1.jpg?0921
181,Samsung Galaxy A04s (4Go Ram - 64Go ROM) - pink,"1,799.00 Dhs",https://ma.jumia.is/unsafe/fit-in/300x300/filters:fill(white)/product/69/985685/1.jpg?2129
182,Oppo A16 (4Go - 64 Go) - Ecran 90 Hz - Batterie 5000 mAh - Son Stéréo - Noir,"1,890.00 Dhs",https://ma.jumia.is/unsafe/fit-in/300x300/filters:fill(white)/product/37/020384/1.jpg?5388
183,Infinix Hot 12 Play X6816 64 Rom 4 Ram - Champagne Gold,"1,599.00 Dhs",https://ma.jumia.is/unsafe/fit-in/300x300/filters:fill(white)/product/94/697685/1.jpg?0589
184,"Zatec Joy Plus  4G - 6.2"" - 2GB+16GB - Face ID & Fingerprint Identification - Android 8.1 - Noir","1,299.00 Dhs",https://ma.jumia.is/unsafe/fit-in/300x300/filters:fill(white)/product/79/323443/1.jpg?6664
185,"Samsung GALAXY A03 Core - 6.5"" - 2GB RAM + 32GB ROM - 48 Mpx - Bronze","1,149.00 Dhs",https://ma.jumia.is/unsafe/fit-in/300x300/filters:fill(white)/product/42/292585/1.jpg?1563
186,"Tecno W5 - 5.5"" - 4G/Dual SIM - 16 Go - 1 Go Ram - Android 6.0 - Gris","1,599.00 Dhs",https://ma.jumia.is/unsafe/fit-in/300x300/filters:fill(white)/product/45/948081/1.jpg?6357
187,"realme C11 2021 (64+4Gb) 6.5"" mini-Drop - 5000mAh - 8Mp+5Mp caméra-Bleu","1,389.00 Dhs",https://ma.jumia.is/unsafe/fit-in/300x300/filters:fill(white)/product/67/731315/1.jpg?6410
188,"Oppo RENO 7 - 6,4"" - 8Go RAM + 256Go ROM - Cosmic  Black","3,979.00 Dhs",https://ma.jumia.is/unsafe/fit-in/300x300/filters:fill(white)/product/73/441625/1.jpg?2504
189,"Nokia 8.3 6.81"" 5G (8Go, 128Go) 64MP+12MP+2MP+2MP/24MP Android -Bleu","6,800.00 Dhs",https://ma.jumia.is/unsafe/fit-in/300x300/filters:fill(white)/product/64/587193/1.jpg?6146
200,"Samsung Galaxy A03 - 6,5' HD+  4Go Ram - 128Go - 48MP- 5000 mAh - Bleu + Band + Écouteur","1,849.00 Dhs",https://ma.jumia.is/unsafe/fit-in/300x300/filters:fill(white)/product/63/864345/1.jpg?1957
201,"Itel BRAND MOBILE PHONE - 6.8"" - P38Pro - 64GB ROM + 4GB RAM - Mint Green","1,399.00 Dhs",https://ma.jumia.is/unsafe/fit-in/300x300/filters:fill(white)/product/81/289075/1.jpg?9465
202,"Nokia C10 Telephone 6.5""HD 1G+ 32Gb Ram1Gb-Double SIM 3000mAh-5MP-Grand Ecran-Grey",978.00 Dhs,https://ma.jumia.is/unsafe/fit-in/300x300/filters:fill(white)/product/75/352235/1.jpg?6932
203,"XIAOMI Redmi Note 11 Pro  - AMOLED de 6,67’’(6Go, 128Go) G96 -108MP- Blanc+Kit+ Band","3,199.00 Dhs",https://ma.jumia.is/unsafe/fit-in/300x300/filters:fill(white)/product/07/978985/1.jpg?3406
204,Infinix Hot 12 Play X6816 64 Rom 4 Ram - Daylight Green,"1,599.00 Dhs",https://ma.jumia.is/unsafe/fit-in/300x300/filters:fill(white)/product/25/697685/1.jpg?0590
205,Honor X8 (6GB -128GB) Qualcomm Snapdragon 680 -5000 mAh - 64 MP- NFC-Silver,"2,540.00 Dhs",https://ma.jumia.is/unsafe/fit-in/300x300/filters:fill(white)/product/77/021585/1.jpg?2510
206,"XIAOMI Redmi 10 6,43"" (4Go, 128Go) 50MP+8MP+2MP+2MP/8MP Android -Gris","1,930.00 Dhs",https://ma.jumia.is/unsafe/fit-in/300x300/filters:fill(white)/product/96/094364/1.jpg?6245
207,"Infinix NOTE 12 X663 - 6.7"" - 128 RAM + 6 ROM - Sunset Gold","2,099.00 Dhs",https://ma.jumia.is/unsafe/fit-in/300x300/filters:fill(white)/product/81/187345/1.jpg?8672
208,"XIAOMI Redmi 9C 6.53"" (4Go - 128Go) 13MP+2MP+2MP/5MP Android - Noir + Band + Écouteur","1,799.00 Dhs",https://ma.jumia.is/unsafe/fit-in/300x300/filters:fill(white)/product/53/794794/1.jpg?2328
209,Samsung Galaxy A53 5G - 8GB RAM + 128GB ROM - Black,"4,290.00 Dhs",https://ma.jumia.is/unsafe/fit-in/300x300/filters:fill(white)/product/57/397685/1.jpg?5969
210,Infinix Hot 12 Play X6816 64 Rom 4 Ram - Racing Black,"1,599.00 Dhs",https://ma.jumia.is/unsafe/fit-in/300x300/filters:fill(white)/product/15/697685/1.jpg?0589
211,"Samsung Galaxy M23 5G - 6.6"" - 4GB RAM+128GB ROM - 50Mpx - Orange Copper","2,399.00 Dhs",https://ma.jumia.is/unsafe/fit-in/300x300/filters:fill(white)/product/06/837285/1.jpg?8444
212,"Samsung Galaxy A03 Core - 6,5"" - 2Go RAM - 32Go ROM -onyx black","1,099.00 Dhs",https://ma.jumia.is/unsafe/fit-in/300x300/filters:fill(white)/product/66/313785/1.jpg?9445
213,Samsung Galaxy A03 64GB ROM 4GB RAM - Black,"1,390.00 Dhs",https://ma.jumia.is/unsafe/fit-in/300x300/filters:fill(white)/product/84/693785/1.jpg?6967
214,Infinix Hot 12 Play X6816 128 Rom 4 Ram - Horizon Blue,"1,680.00 Dhs",https://ma.jumia.is/unsafe/fit-in/300x300/filters:fill(white)/product/24/374785/1.jpg?2373
215,Samsung Galaxy A04s (4Go Ram - 64Go ROM) - vert,"1,699.00 Dhs",https://ma.jumia.is/unsafe/fit-in/300x300/filters:fill(white)/product/63/195685/1.jpg?3265
216,"Samsung Galaxy M33 - 6.6"" - 5G - 6GB RAM+128GB ROM -Dual Sim - 50Mpx - Vert","2,550.00 Dhs",https://ma.jumia.is/unsafe/fit-in/300x300/filters:fill(white)/product/88/649585/1.jpg?3567
217,OnePlus Nord CE 2 Lite 5G ( 8GB/128GB ) - Noir,"3,490.00 Dhs",https://ma.jumia.is/unsafe/fit-in/300x300/filters:fill(white)/product/40/952935/1.jpg?1986
218,"Samsung Galaxy A33 6.4"" 5G - 8GB RAM + 128GB ROM - 48Mpx - Blue","3,990.00 Dhs",https://ma.jumia.is/unsafe/fit-in/300x300/filters:fill(white)/product/60/762975/1.jpg?7498
219,Samsung Galaxy A04S - 4G - 6.5’’- 4Go / 64Go - 50MP - 5000mAh - Noir + Écouteur + Watch,"1,899.00 Dhs",https://ma.jumia.is/unsafe/fit-in/300x300/filters:fill(white)/product/35/995685/1.jpg?7667
220,XIAOMI Redmi 10C (4GB -128GB) Snapdragon 680 -5000 mAh-50 MP-Gray,"1,849.00 Dhs",https://ma.jumia.is/unsafe/fit-in/300x300/filters:fill(white)/product/86/601985/1.jpg?9791
221,"Samsung Galaxy A13 6.6"" LTE 4GB RAM + 128GB ROM 50 Mpx - Blue","2,249.00 Dhs",https://ma.jumia.is/unsafe/fit-in/300x300/filters:fill(white)/product/01/697685/1.jpg?9572
222,"XIAOMI Redmi Note 11 Pro  - AMOLED FHD+ de 6,67’’(6Go, 128Go) Mediatek G96 -108MP- Bleu","3,099.00 Dhs",https://ma.jumia.is/unsafe/fit-in/300x300/filters:fill(white)/product/17/978985/1.jpg?3407
223,"XIAOMI Redmi Note 11 Pro  - AMOLED FHD+ de 6,67’’(6Go, 128Go) Mediatek G96 -108MP- Bleu","3,099.00 Dhs",https://ma.jumia.is/unsafe/fit-in/300x300/filters:fill(white)/product/96/978985/1.jpg?3406
224,"Samsung Galaxy S10 Plus - Noir ( 128Go, 8Go ) / Remis à neuf","3,699.00 Dhs",https://ma.jumia.is/unsafe/fit-in/300x300/filters:fill(white)/product/30/323295/1.jpg?8950
225,"realme C11 (64+4 Gb) 6.5"" -Dual Sim - 5000mAh - 13Mp+2Mp AI double caméra - Gris","1,399.00 Dhs",https://ma.jumia.is/unsafe/fit-in/300x300/filters:fill(white)/product/53/569885/1.jpg?9908
226,Samsung Galaxy A52S - 5G - 6.5'' - (6GB - 128GB) - 64MP / 32MP - Blanc + Band + Écouteur,"4,400.00 Dhs",https://ma.jumia.is/unsafe/fit-in/300x300/filters:fill(white)/product/27/963685/1.jpg?3725
227,"realme C30 MOBILE PHONE RMX3581 - 6.5"" - 2GB RAM + 32GB ROM - Bamboo Green","1,199.00 Dhs",https://ma.jumia.is/unsafe/fit-in/300x300/filters:fill(white)/product/30/697685/1.jpg?9388
228,Samsung Galaxy A03s noir 4G Ram 64G Storage,"1,749.00 Dhs",https://ma.jumia.is/unsafe/fit-in/300x300/filters:fill(white)/product/68/369924/1.jpg?6631
229,Samsung Galaxy A04s (4Go Ram - 64Go ROM) - blanc,"1,699.00 Dhs",https://ma.jumia.is/unsafe/fit-in/300x300/filters:fill(white)/product/00/697685/1.jpg?9272
230,"Huawei nova Y70 - 6,75"" - 4GB+128GB - Crystal Blue Dual Card","2,182.95 Dhs",https://ma.jumia.is/unsafe/fit-in/300x300/filters:fill(white)/product/83/372585/1.jpg?6625
231,Samsung GALAXY M52- 5G – 128Go ROM - 8Go Ram - 64 Mpx - Android - Blanc,"3,899.00 Dhs",https://ma.jumia.is/unsafe/fit-in/300x300/filters:fill(white)/product/33/864345/1.jpg?1957
232,"Samsung Galaxy M12  (4GB RAM -128GB ) Camera 48 MP - 5,000mAh - Noir - Band + Écouteur","2,099.00 Dhs",https://ma.jumia.is/unsafe/fit-in/300x300/filters:fill(white)/product/04/995685/1.jpg?8247
233,Vivo Y15s (3/32Go) - 5000mAh Vert océan,"1,329.00 Dhs",https://ma.jumia.is/unsafe/fit-in/300x300/filters:fill(white)/product/39/697385/1.jpg?0507
234,"XIAOMI Redmi 10A 6.53"" (4Go, 128 Go) Android 13MP /5MP - GRIS","1,699.00 Dhs",https://ma.jumia.is/unsafe/fit-in/300x300/filters:fill(white)/product/68/202095/1.jpg?7210
235,"Samsung Galaxy A13 6.6"" LTE 4GB RAM + 64GB ROM 50 Mpx - Bleu + Écouteur + Smart Watch","2,099.00 Dhs",https://ma.jumia.is/unsafe/fit-in/300x300/filters:fill(white)/product/52/187685/1.jpg?6585
236,Oppo A16 (4Go+64Go) 5000mAh 13MP AI Triple Caméra- HD+ Eye-care- Pearl Blue,"1,949.00 Dhs",https://ma.jumia.is/unsafe/fit-in/300x300/filters:fill(white)/product/15/820525/1.jpg?4944
237,"Samsung GALAXY A03 Core - 6.5"" - 2GB RAM + 32GB ROM - 48 Mpx - pink","1,109.00 Dhs",https://ma.jumia.is/unsafe/fit-in/300x300/filters:fill(white)/product/12/977685/1.jpg?4441
238,Oppo A16K (4Go - 64 Go) - Ecran 90 Hz - Batterie 5000 mAh - Son Stéréo - Noir,"1,749.00 Dhs",https://ma.jumia.is/unsafe/fit-in/300x300/filters:fill(white)/product/95/806935/1.jpg?7248
239,Oppo A16K (3Go - 32 Go) - Ecran 90 Hz - Batterie 5000 mAh - Son Stéréo - Bleu,"1,389.00 Dhs",https://ma.jumia.is/unsafe/fit-in/300x300/filters:fill(white)/product/33/231115/1.jpg?1626
250,Samsung Galaxy A53 5G - 8GB RAM + 128GB ROM - White,"4,290.00 Dhs",https://ma.jumia.is/unsafe/fit-in/300x300/filters:fill(white)/product/87/397685/1.jpg?5967
251,"Infinix NOTE 11 PRO X697 - 8 Go RAM, 128 Go - Haze Green","2,420.00 Dhs",https://ma.jumia.is/unsafe/fit-in/300x300/filters:fill(white)/product/86/799505/1.jpg?2082
252,"XIAOMI Redmi A1  6.52"" - 2GB + 32GB - Dual Sim - 8 MPx – Gris","1,135.00 Dhs",https://ma.jumia.is/unsafe/fit-in/300x300/filters:fill(white)/product/56/332295/1.jpg?4265
253,"Samsung Galaxy A23 6.6"" LTE 6GB RAM + 128GB ROM - 50 Mpx - Blue","2,649.00 Dhs",https://ma.jumia.is/unsafe/fit-in/300x300/filters:fill(white)/product/22/389485/1.jpg?5527
254,Vivo Y02s (5 000 mAh  Batterie longue durée-3 RAM +  32 Go de ROM- Bleu),"1,449.00 Dhs",https://ma.jumia.is/unsafe/fit-in/300x300/filters:fill(white)/product/88/277685/1.jpg?9923
255,"Alcatel Smartphone 4G 6.22"" Gsm 1v-Dual SIM-13MP-32GB-RAM2GB-Empreinte- pine green","1,149.00 Dhs",https://ma.jumia.is/unsafe/fit-in/300x300/filters:fill(white)/product/75/272585/1.jpg?6388
256,Samsung 6.5” A53 - 5G - 64 Mpx - 8Gb RAM 128Gb ROM - Android - Bleu,"4,399.00 Dhs",https://ma.jumia.is/unsafe/fit-in/300x300/filters:fill(white)/product/93/485245/1.jpg?0543
257,"Samsung Galaxy A13 6.6"" LTE 4GB RAM + 64GB ROM 50 Mpx - Blanc + Écouteur + Smart Watch","2,099.00 Dhs",https://ma.jumia.is/unsafe/fit-in/300x300/filters:fill(white)/product/82/187685/1.jpg?6641
258,Samsung 6.5” A53 - 5G - 64 Mpx - 8Gb RAM 128Gb ROM - Android - Blanc,"4,399.00 Dhs",https://ma.jumia.is/unsafe/fit-in/300x300/filters:fill(white)/product/13/864345/1.jpg?1957
259,"Samsung Galaxy A13 6.6"" LTE 4GB RAM + 128GB ROM 50 Mpx - White","2,249.00 Dhs",https://ma.jumia.is/unsafe/fit-in/300x300/filters:fill(white)/product/80/697685/1.jpg?9519
260,Samsung GALAXY M52- 5G – 128Go ROM - 8Go Ram - 64 Mpx - Android - Noir,"3,899.00 Dhs",https://ma.jumia.is/unsafe/fit-in/300x300/filters:fill(white)/product/03/864345/1.jpg?1957
261,Vivo Y22 Caméra ultra claire 50 MP-64+4Go - Helio G85- Bleu étoilé,"1,849.00 Dhs",https://ma.jumia.is/unsafe/fit-in/300x300/filters:fill(white)/product/42/602985/1.jpg?2287
262,Samsung Galaxy A04s (4Go Ram - 64Go ROM) - Noir,"1,749.00 Dhs",https://ma.jumia.is/unsafe/fit-in/300x300/filters:fill(white)/product/22/793785/1.jpg?8830
263,Samsung Galaxy M32 (6G RAM 128 Storage ) 48MP-6000 mAh-Super AMOLED - Noir,"2,799.00 Dhs",https://ma.jumia.is/unsafe/fit-in/300x300/filters:fill(white)/product/63/193685/1.jpg?7564
264,"Samsung Galaxy A13 6.6"" LTE 4GB RAM + 128GB ROM 50 Mpx - Noir + Écouteur + Smart Watch","2,299.00 Dhs",https://ma.jumia.is/unsafe/fit-in/300x300/filters:fill(white)/product/59/125685/1.jpg?0107
265,"Samsung Galaxy A33 6.4"" 5G - 8GB RAM + 128GB ROM - 48Mpx - White","3,300.00 Dhs",https://ma.jumia.is/unsafe/fit-in/300x300/filters:fill(white)/product/48/205705/1.jpg?4032
266,"XIAOMI Redmi 10A 6.53"" (4Go, 128 Go) Android 13MP /5MP - bleu","1,799.00 Dhs",https://ma.jumia.is/unsafe/fit-in/300x300/filters:fill(white)/product/96/202095/1.jpg?7146
267,"Infinix NOTE 12 X670 - 6.7"" - 256GB ROM + 8GB RAM - 50 Mpx - Force Black","2,550.00 Dhs",https://ma.jumia.is/unsafe/fit-in/300x300/filters:fill(white)/product/54/641445/1.jpg?9843
268,realme C25Y RMX3269 64GB+4GB Glacier Blue,"1,491.00 Dhs",https://ma.jumia.is/unsafe/fit-in/300x300/filters:fill(white)/product/28/313494/1.jpg?1463
269,XIAOMI Redmi Note 10 Pro (8Go/128Go) Global Version - Gris + kit bluetooth + Incassable,"3,490.00 Dhs",https://ma.jumia.is/unsafe/fit-in/300x300/filters:fill(white)/product/25/092014/1.jpg?2650
270,XIAOMI Redmi 9A (2Go/32Go) Global Version - Gris,"1,290.00 Dhs",https://ma.jumia.is/unsafe/fit-in/300x300/filters:fill(white)/product/28/352904/1.jpg?0455
271,"Samsung Galaxy A23 6.6"" LTE - 6GB RAM + 128GB ROM - 50 Mpx - White","2,649.00 Dhs",https://ma.jumia.is/unsafe/fit-in/300x300/filters:fill(white)/product/21/582785/1.jpg?8432
272,Vivo Y15s (3/32Go) - 5000mAh Vert océan,"1,329.00 Dhs",https://ma.jumia.is/unsafe/fit-in/300x300/filters:fill(white)/product/22/757885/1.jpg?3346
273,Samsung 6.5” A53 - 5G - 64 Mpx - 8Gb RAM 128Gb ROM - Android - Noir,"4,399.00 Dhs",https://ma.jumia.is/unsafe/fit-in/300x300/filters:fill(white)/product/74/864345/1.jpg?1956
274,Samsung Galaxy A04S - 4G - 6.5’’- 4Go / 128Go - 50MP - 5000mAh - Pink + Écouteur + Watch,"2,099.00 Dhs",https://ma.jumia.is/unsafe/fit-in/300x300/filters:fill(white)/product/03/524685/1.jpg?0530
275,"XIAOMI Redmi 9A - 2Go - 32Go - 6.53"" - 5000mAh - Carbon Gray","1,299.00 Dhs",https://ma.jumia.is/unsafe/fit-in/300x300/filters:fill(white)/product/48/352904/1.jpg?0455
276,"Samsung Galaxy A13 6.6"" LTE 4GB RAM + 128GB ROM 50 Mpx - Black","2,300.00 Dhs",https://ma.jumia.is/unsafe/fit-in/300x300/filters:fill(white)/product/68/497975/1.jpg?3317
277,"Samsung Galaxy A13 6.6"" LTE 4GB RAM + 64GB ROM 50 Mpx - Noir + Écouteur + Smart Watch","2,099.00 Dhs",https://ma.jumia.is/unsafe/fit-in/300x300/filters:fill(white)/product/42/187685/1.jpg?6573
278,"Leagoo T5c - 5.5"" - 4G/Dual SIM -32Go - 3Go - Android - Gold","1,899.00 Dhs",https://ma.jumia.is/unsafe/fit-in/300x300/filters:fill(white)/product/55/789091/1.jpg?2515
279,"Samsung Galaxy A23 6.6"" LTE - 6GB RAM + 128GB ROM - 50 Mpx - Black","2,649.00 Dhs",https://ma.jumia.is/unsafe/fit-in/300x300/filters:fill(white)/product/01/582785/1.jpg?8431
280,Samsung Galaxy M32 (6G RAM 128 Storage ) 48MP-6000 mAh-Super AMOLED - Noir,"2,799.00 Dhs",https://ma.jumia.is/unsafe/fit-in/300x300/filters:fill(white)/product/16/193685/1.jpg?7680
281,"Samsung Galaxy A23 6.6"" LTE 4GB RAM + 128GB ROM - 50 Mpx - Blue","2,900.00 Dhs",https://ma.jumia.is/unsafe/fit-in/300x300/filters:fill(white)/product/39/764085/1.jpg?1858
282,"XIAOMI Redmi A1  6.52"" - 2GB + 32GB - Dual Sim - 8 MPx – Green light","1,135.00 Dhs",https://ma.jumia.is/unsafe/fit-in/300x300/filters:fill(white)/product/44/332295/1.jpg?4207
283,"Samsung Galaxy A13 6.6"" LTE 4GB RAM + 128GB ROM 50 Mpx - Blue + Écouteur + Smart Watch","2,299.00 Dhs",https://ma.jumia.is/unsafe/fit-in/300x300/filters:fill(white)/product/44/994685/1.jpg?4516
284,Samsung Galaxy A03 (4Go Ram - 64Go ROM) - Bleu,"1,499.00 Dhs",https://ma.jumia.is/unsafe/fit-in/300x300/filters:fill(white)/product/38/578985/1.jpg?0763
285,Samsung Galaxy Z Flip4 5G - 8 +128 GB Super Amoled - Graphite Noir,"9,499.00 Dhs",https://ma.jumia.is/unsafe/fit-in/300x300/filters:fill(white)/product/62/442095/1.jpg?2786
286,Oppo A16K (3Go - 32 Go) - Ecran 90 Hz - Batterie 5000 mAh - Son Stéréo - Noir,"1,389.00 Dhs",https://ma.jumia.is/unsafe/fit-in/300x300/filters:fill(white)/product/64/719905/1.jpg?3596
287,Samsung Galaxy A04s (4Go Ram - 64Go ROM) - pink,"1,749.00 Dhs",https://ma.jumia.is/unsafe/fit-in/300x300/filters:fill(white)/product/81/793785/1.jpg?8707
288,Samsung Galaxy A04S - 4G - 6.5’’- 4Go / 128Go - 50MP - 5000mAh - Noir + Écouteur + Watch,"2,099.00 Dhs",https://ma.jumia.is/unsafe/fit-in/300x300/filters:fill(white)/product/02/524685/1.jpg?0446
289,"Samsung Galaxy A33 5G - 6,4"" - 8GB RAM + 128GB ROM - Peach","3,649.00 Dhs",https://ma.jumia.is/unsafe/fit-in/300x300/filters:fill(white)/product/81/582785/1.jpg?8431
300,"Samsung Galaxy A13 6.6"" LTE 4GB RAM + 128GB ROM 50 Mpx - Black","2,249.00 Dhs",https://ma.jumia.is/unsafe/fit-in/300x300/filters:fill(white)/product/90/697685/1.jpg?9511
301,"Samsung Galaxy A33 5G - 6,4"" - 8GB RAM + 128GB ROM - Black","3,649.00 Dhs",https://ma.jumia.is/unsafe/fit-in/300x300/filters:fill(white)/product/41/582785/1.jpg?8431
302,"Samsung Galaxy A13 6.6"" LTE 4GB RAM + 128GB ROM 50 Mpx - White + Écouteur + Smart Watch","2,299.00 Dhs",https://ma.jumia.is/unsafe/fit-in/300x300/filters:fill(white)/product/19/125685/1.jpg?0061
303,"Samsung Galaxy A33 5G - 6,4"" - 8GB RAM + 128GB ROM - White","3,649.00 Dhs",https://ma.jumia.is/unsafe/fit-in/300x300/filters:fill(white)/product/02/582785/1.jpg?8431
304,"Samsung Galaxy A03s bleu 4G + 64GB 6.5” HD 5,000mAh","1,575.00 Dhs",https://ma.jumia.is/unsafe/fit-in/300x300/filters:fill(white)/product/17/437135/1.jpg?3955
305,"Samsung Galaxy A32 ( 6 GB + 128 GB ) - 64 MP - 6.4""- 5,000mAh - Blanc + Kit + Montre","2,870.00 Dhs",https://ma.jumia.is/unsafe/fit-in/300x300/filters:fill(white)/product/70/440604/1.jpg?9495
306,"XIAOMI Redmi Note 11 6,5"" (4Go, 128Go) MediaTek Helio G88 - 50MP/8MP- Bleu","2,199.00 Dhs",https://ma.jumia.is/unsafe/fit-in/300x300/filters:fill(white)/product/66/061384/1.jpg?5804
307,Samsung Galaxy A03 (4Go Ram - 64Go ROM) - rouge,"1,499.00 Dhs",https://ma.jumia.is/unsafe/fit-in/300x300/filters:fill(white)/product/44/846635/1.jpg?2670
308,"Itel P38 Telephone 6.6"" 3G+-32Gb Ram2Gb-Double SIM 5000mAh-8Mpx-15W","1,049.00 Dhs",https://ma.jumia.is/unsafe/fit-in/300x300/filters:fill(white)/product/47/743565/1.jpg?7986
309,"Samsung Galaxy A03 Core (2G Ram 32G Rom) 6.5""  5000 mAh - Noir","1,230.00 Dhs",https://ma.jumia.is/unsafe/fit-in/300x300/filters:fill(white)/product/63/940384/1.jpg?1789
310,"XIAOMI Redmi Note 11S 6,5"" (6Go, 128Go) MediaTek Helio G 96 -108MP/16MP- Gris","2,599.00 Dhs",https://ma.jumia.is/unsafe/fit-in/300x300/filters:fill(white)/product/52/836765/1.jpg?9927
311,Samsung Galaxy A53 5G - 6.5'' - (8GB - 128GB)  -64MP+12MP+5MP+/32MP - Rose,"4,199.00 Dhs",https://ma.jumia.is/unsafe/fit-in/300x300/filters:fill(white)/product/85/816325/1.jpg?1758
312,Samsung Galaxy A53 5G - 6.5'' - (8GB - 128GB)  -64MP+12MP+5MP+/32MP - Noir,"4,199.00 Dhs",https://ma.jumia.is/unsafe/fit-in/300x300/filters:fill(white)/product/53/870325/1.jpg?7776
313,Samsung Galaxy A52 - 6.5'' - (8GB - 128GB)  -64MP+12MP+5MP+5MP/32MP- 4G - Violet,"3,400.00 Dhs",https://ma.jumia.is/unsafe/fit-in/300x300/filters:fill(white)/product/17/104114/1.jpg?7720
314,Oppo A 54S (4Go - 128 Go) - Ecran 90 Hz - Batterie 5000 mAh - Son Stéréo - Noir,"2,090.00 Dhs",https://ma.jumia.is/unsafe/fit-in/300x300/filters:fill(white)/product/97/427285/1.jpg?3324
315,"Samsung Galaxy M13 - 6.6"" - 4GB RAM + 128GB ROM – 50Mpx – Light Blue","2,099.00 Dhs",https://ma.jumia.is/unsafe/fit-in/300x300/filters:fill(white)/product/46/837285/1.jpg?8021
316,"Samsung Galaxy A23 6.6"" 4G (6GB RAM + 128GB ROM ) - 50 Mpx - Blue","2,499.00 Dhs",https://ma.jumia.is/unsafe/fit-in/300x300/filters:fill(white)/product/71/935425/1.jpg?2486
317,"XIAOMI Redmi Note 11S 6,5"" (6Go, 128Go) MediaTek Helio G 96 -108MP/16MP- Bleu","2,699.00 Dhs",https://ma.jumia.is/unsafe/fit-in/300x300/filters:fill(white)/product/69/725015/1.jpg?7468
318,"Itel BRAND MOBILE PHONE - 6.8"" - P38Pro - 64GB ROM + 2GB RAM - Mint Green","1,199.00 Dhs",https://ma.jumia.is/unsafe/fit-in/300x300/filters:fill(white)/product/71/289075/1.jpg?9466
319,"Samsung Galaxy Note 20 5G 128 Go, 8Go Ram Noir Mystique - Remis à Neuf","4,299.00 Dhs",https://ma.jumia.is/unsafe/fit-in/300x300/filters:fill(white)/product/91/657355/1.jpg?1620
320,XIAOMI Redmi 10C (4GB -128GB) Snapdragon 680 -5000 mAh-50 MP- NFC-Vert+Kit+ Band,"1,990.00 Dhs",https://ma.jumia.is/unsafe/fit-in/300x300/filters:fill(white)/product/61/572585/1.jpg?8305
321,"XIAOMI Redmi Note 10S 6,43"" (6Go, 128Go) - 64MP - Android 11 - Gris + Band + Écouteur","2,699.00 Dhs",https://ma.jumia.is/unsafe/fit-in/300x300/filters:fill(white)/product/71/006685/1.jpg?8605
322,realme Narzo 50A MOBILE PHONE RMX3430 64GB+4GB Oxygen Green,"1,749.00 Dhs",https://ma.jumia.is/unsafe/fit-in/300x300/filters:fill(white)/product/87/636384/1.jpg?8366
323,OnePlus Nord CE 2 Lite 5G ( 8GB/128GB ) - Noir,"3,490.00 Dhs",https://ma.jumia.is/unsafe/fit-in/300x300/filters:fill(white)/product/55/129485/1.jpg?6403
324,"realme 9i MOBILE PHONE RMX3491 6.6"" 128GB + 4GB 50 Mpx - Prism Black","1,999.00 Dhs",https://ma.jumia.is/unsafe/fit-in/300x300/filters:fill(white)/product/82/661605/1.jpg?4049
325,"Vivo Y21 (4+1 - 64) 6,51 Pouces - 5000mAh- Double Sim- Fast Charge 18W - Bleu","1,699.00 Dhs",https://ma.jumia.is/unsafe/fit-in/300x300/filters:fill(white)/product/81/828075/1.jpg?1145
326,"Huawei nova Y70 - 6,75"" - 4GB+128GB - Pearl White Dual Card","2,182.95 Dhs",https://ma.jumia.is/unsafe/fit-in/300x300/filters:fill(white)/product/82/372585/1.jpg?6625
327,"XIAOMI Redmi Note 10  Pro - 6.67"" (8Go, 128Go) 108MP / 8MP - Gris + Band + Écouteur","3,099.00 Dhs",https://ma.jumia.is/unsafe/fit-in/300x300/filters:fill(white)/product/62/864345/1.jpg?1958
328,"Samsung Galaxy S22 - 6.1"" - (8Go -256Go) Dual Sim - Phantom Black","7,890.00 Dhs",https://ma.jumia.is/unsafe/fit-in/300x300/filters:fill(white)/product/79/336375/1.jpg?8286
329,"Samsung Galaxy A03  (4G Ram 64 G Rom) 6.5""  5000 mAh - 48MP - Dual Sim-Noir","1,540.00 Dhs",https://ma.jumia.is/unsafe/fit-in/300x300/filters:fill(white)/product/31/876725/1.jpg?5383
330,realme Narzo 50A MOBILE PHONE RMX3430 128GB+4GB Oxygen Blue,"1,890.00 Dhs",https://ma.jumia.is/unsafe/fit-in/300x300/filters:fill(white)/product/00/736384/1.jpg?8489
331,"XIAOMI Redmi Note 11 Pro 5G Plus - AMOLED FHD+ de 6,67’’(8Go, 256Go) -108MP- Star Bleu","4,990.00 Dhs",https://ma.jumia.is/unsafe/fit-in/300x300/filters:fill(white)/product/93/000575/1.jpg?2064
332,"Itel P38 3G+ 6.6"" - 32Gb ROM 2Go RAM-Double SIM 5000mAh-Galaxy blue","1,046.00 Dhs",https://ma.jumia.is/unsafe/fit-in/300x300/filters:fill(white)/product/82/519075/1.jpg?8631
333,"Samsung Galaxy S22 ULTRA Green 6,8"" 12Gb Ram 256 Gb Storage 5,000mAh","12,303.00 Dhs",https://ma.jumia.is/unsafe/fit-in/300x300/filters:fill(white)/product/97/861494/1.jpg?9256
334,"Samsung Galaxy S22 ULTRA Black 6,8"" 12Gb Ram 256 Gb Storage 5,000mAh","14,400.00 Dhs",https://ma.jumia.is/unsafe/fit-in/300x300/filters:fill(white)/product/48/899585/1.jpg?2806
335,"Huawei nova Y70 - 6,75"" - 4GB+128GB - Midnight Black Dual Card","2,182.95 Dhs",https://ma.jumia.is/unsafe/fit-in/300x300/filters:fill(white)/product/04/372585/1.jpg?6625
336,"Samsung Galaxy A33 6,4"" (128 GO - 8GO) 48 Mpx - Dual Sim ,Super Amoled- 5G - Noir","3,290.00 Dhs",https://ma.jumia.is/unsafe/fit-in/300x300/filters:fill(white)/product/72/797675/1.jpg?8988
337,"Samsung Galaxy A33 6.4"" 5G - 8GB RAM + 128GB ROM - 48Mpx - Orange","3,300.00 Dhs",https://ma.jumia.is/unsafe/fit-in/300x300/filters:fill(white)/product/38/205705/1.jpg?4032
338,"Huawei P20 LITE - 4Go RAM -64 GO- Ecran full HD 5,8 pouces-Android 8.0 (Oreo) -dual sim","1,700.00 Dhs",https://ma.jumia.is/unsafe/fit-in/300x300/filters:fill(white)/product/34/142362/1.jpg?8755
339,"Infinix SMART 6 X657B - 6.6"" - 64 Go - 3 Go RAM - 8 MP - Ocean Wave","1,339.00 Dhs",https://ma.jumia.is/unsafe/fit-in/300x300/filters:fill(white)/product/94/332605/1.jpg?6803
350,"Itel Smartphone 5"" Gsm A16plus Black 3G+-Dual SIM-inch -5MP -8GB -1GB RAM",739.00 Dhs,https://ma.jumia.is/unsafe/fit-in/300x300/filters:fill(white)/product/14/960285/1.jpg?2845
351,"Huawei Y5P 5.45"" (2Go, 32Go) 8MP/5MP Android - Dual Sim- Vert","1,099.00 Dhs",https://ma.jumia.is/unsafe/fit-in/300x300/filters:fill(white)/product/36/535904/1.jpg?0464
352,Samsung Galaxy A52 - 6.5'' - (8GB - 128GB)  -64MP+12MP+5MP+5MP/32MP+Kit + Band-Bleu,"3,590.00 Dhs",https://ma.jumia.is/unsafe/fit-in/300x300/filters:fill(white)/product/54/129335/1.jpg?3560
353,Samsung Galaxy A32 - 6 GB + 128 GB - 6.4” - Black + Écouteur + Smart Watch,"2,999.00 Dhs",https://ma.jumia.is/unsafe/fit-in/300x300/filters:fill(white)/product/98/487814/1.jpg?2128
354,"XIAOMI Redmi Note 11S 6,5"" (8Go, 128Go) MediaTek Helio G 96 -108MP/16MP- Bleu","2,899.00 Dhs",https://ma.jumia.is/unsafe/fit-in/300x300/filters:fill(white)/product/32/394705/1.jpg?1807
355,XIAOMI REDMI NOTE 11 6GB 128GB GRAPHITE GREY,"2,699.00 Dhs",https://ma.jumia.is/unsafe/fit-in/300x300/filters:fill(white)/product/96/725015/1.jpg?7286
356,XIAOMI REDMI 10C 4GO 64GO - Green,"1,780.00 Dhs",https://ma.jumia.is/unsafe/fit-in/300x300/filters:fill(white)/product/54/839905/1.jpg?5515
357,"Huawei Y9a  (8Go, 128Go)  Android - Silver","2,399.00 Dhs",https://ma.jumia.is/unsafe/fit-in/300x300/filters:fill(white)/product/74/372585/1.jpg?6804
358,"Infinix Note 12 - 6.7"" - (8 Go-256 Go) AMOLED -Helio G 96 - 50 MP - Blanc","2,690.00 Dhs",https://ma.jumia.is/unsafe/fit-in/300x300/filters:fill(white)/product/84/713285/1.jpg?6144
359,Huawei nova 9 SE 8GB+128GB Crystal Blue,"3,149.00 Dhs",https://ma.jumia.is/unsafe/fit-in/300x300/filters:fill(white)/product/20/177465/1.jpg?2784
360,"Samsung Galaxy A33 6.4"" 5G - 8GB RAM + 128GB ROM - 48Mpx - Black","3,300.00 Dhs",https://ma.jumia.is/unsafe/fit-in/300x300/filters:fill(white)/product/28/205705/1.jpg?4031
361,"Oppo RENO 7 - 6,4"" - ( 8Go RAM + 256Go ROM )- Cosmic Noir","4,090.00 Dhs",https://ma.jumia.is/unsafe/fit-in/300x300/filters:fill(white)/product/80/441825/1.jpg?8506
362,Honor X8 (6GB -128GB) Qualcomm Snapdragon 680 -5000 mAh - 64 MP- NFC-Silver,"2,599.00 Dhs",https://ma.jumia.is/unsafe/fit-in/300x300/filters:fill(white)/product/61/759485/1.jpg?8009
363,"Oppo A16K (3Go+32Go) -4G Design 3D-6,52"" HD+ Eye Care - 4230mAh - Blue","1,449.00 Dhs",https://ma.jumia.is/unsafe/fit-in/300x300/filters:fill(white)/product/51/716665/1.jpg?4718
364,Infinix Hot 12 (128GB /4GB Ram) - Helio G85 -13 MP-Dual Sim -5000 Mah-Noir,"1,999.00 Dhs",https://ma.jumia.is/unsafe/fit-in/300x300/filters:fill(white)/product/20/935425/1.jpg?2488
365,"Itel smartphone P38 Telephone 6.6"" 3G+-Rom32Gb 2GoRam-Double SIM 5000mAh-spruce green","1,045.00 Dhs",https://ma.jumia.is/unsafe/fit-in/300x300/filters:fill(white)/product/21/938075/1.jpg?0684
366,"Infinix NOTE 12 X670 - 6.7"" - 256GB ROM + 8GB RAM - 50 Mpx - Sapphore Blue","2,250.00 Dhs",https://ma.jumia.is/unsafe/fit-in/300x300/filters:fill(white)/product/34/641445/1.jpg?9843
367,"XIAOMI Redmi Note 11 Pro - FHD+ de 6,67’’(6Go, 128Go) - 108MP- Bleu - Band + Écouteur","3,099.00 Dhs",https://ma.jumia.is/unsafe/fit-in/300x300/filters:fill(white)/product/28/087685/1.jpg?5676
368,Samsung Galaxy A53 5G - 6.5'' - (8GB - 128GB)  -64MP+12MP+5MP+/32MP - Bleu,"4,199.00 Dhs",https://ma.jumia.is/unsafe/fit-in/300x300/filters:fill(white)/product/13/870325/1.jpg?7776
369,"XIAOMI Redmi 9C 6.53"" (3Go, 64Go) Android 13MP+2MP+2MP/5MP - Gris","1,499.00 Dhs",https://ma.jumia.is/unsafe/fit-in/300x300/filters:fill(white)/product/56/069794/1.jpg?0807
370,Samsung Galaxy A32 - 6 GB + 128 GB - 6.4” - Bleu+ Écouteur + Smart Watch,"2,990.00 Dhs",https://ma.jumia.is/unsafe/fit-in/300x300/filters:fill(white)/product/56/978474/1.jpg?3357
371,"XIAOMI Redmi 10A – 6,53’’ - 2 GB RAM + 32 GB ROM - 13Mpx - Sky blue","1,359.00 Dhs",https://ma.jumia.is/unsafe/fit-in/300x300/filters:fill(white)/product/31/149335/1.jpg?4776
372,realme Narzo 50A MOBILE PHONE RMX3430 64GB+4GB Oxygen Blue,"1,749.00 Dhs",https://ma.jumia.is/unsafe/fit-in/300x300/filters:fill(white)/product/67/636384/1.jpg?8366
373,Samsung Galaxy M32 (6G RAM 128 Storage ) 48MP-6000 mAh-Super AMOLED- Bleu,"2,499.00 Dhs",https://ma.jumia.is/unsafe/fit-in/300x300/filters:fill(white)/product/56/887024/1.jpg?4452
374,"Oppo A96 - 6.59"" FHD+(8Go, 256Go) 50MP- Snapdragon - Android 11.0-Noir","3,490.00 Dhs",https://ma.jumia.is/unsafe/fit-in/300x300/filters:fill(white)/product/92/890505/1.jpg?2729
375,"XIAOMI Mi 11 Lite 6.55""  5G  (6Go, 128Go) 64MP+8MP+5MP/16MP - Bleu + Kit +Band","3,590.00 Dhs",https://ma.jumia.is/unsafe/fit-in/300x300/filters:fill(white)/product/32/255464/1.jpg?8085
376,"XIAOMI Redmi 10 - 4G - 6.5"" - (4Go, 64Go) - 50MP/8MP - Android - Blanc + Band + Écouteur","1,899.00 Dhs",https://ma.jumia.is/unsafe/fit-in/300x300/filters:fill(white)/product/52/864345/1.jpg?1958
377,"Samsung Galaxy A23 6.6"" LTE 4GB RAM + 128GB ROM - 50 Mpx - Orange","2,590.00 Dhs",https://ma.jumia.is/unsafe/fit-in/300x300/filters:fill(white)/product/46/046805/1.jpg?0946
378,"Huawei Y5P 5.45"" (2Go, 32Go) 8MP/5MP Android - Dual Sim- Noir","1,099.00 Dhs",https://ma.jumia.is/unsafe/fit-in/300x300/filters:fill(white)/product/26/535904/1.jpg?0464
379,Huawei Nova 8i 8GB+128GB Moonlight Silver,"3,249.00 Dhs",https://ma.jumia.is/unsafe/fit-in/300x300/filters:fill(white)/product/32/848664/1.jpg?0152
380,"XIAOMI Redmi Note 11 Pro  - AMOLED FHD+ de 6,67’’(8Go, 128Go) Mediatek G96 -108MP- Bleu","3,399.00 Dhs",https://ma.jumia.is/unsafe/fit-in/300x300/filters:fill(white)/product/43/529115/1.jpg?4626
381,"Samsung Galaxy M53 5G - 6.7"" - 108 Mpx - 8GB RAM - 256GB ROM – Blue","4,249.00 Dhs",https://ma.jumia.is/unsafe/fit-in/300x300/filters:fill(white)/product/46/695445/1.jpg?6124
382,"Samsung Galaxy S22 ULTRA Black 6,8"" 12Gb Ram 256 Gb Storage 5,000mAh","13,490.00 Dhs",https://ma.jumia.is/unsafe/fit-in/300x300/filters:fill(white)/product/84/151015/1.jpg?4783
383,"Infinix SMART 6 X657B - 6.6"" - 64 Go - 3 Go RAM - 8 MP - Quetzal Cyan","1,339.00 Dhs",https://ma.jumia.is/unsafe/fit-in/300x300/filters:fill(white)/product/15/332605/1.jpg?6803
384,Huawei Nova Y60 4GB+64GB NOIR Dual Card,"1,899.00 Dhs",https://ma.jumia.is/unsafe/fit-in/300x300/filters:fill(white)/product/02/848664/1.jpg?0152
385,"Huawei Y5P 5.45"" (2Go, 32Go) 8MP/5MP Android - Noir",999.00 Dhs,https://ma.jumia.is/unsafe/fit-in/300x300/filters:fill(white)/product/26/297193/1.jpg?9166
386,Huawei nova 9 SE 8GB+128GB Pearl White,"3,149.00 Dhs",https://ma.jumia.is/unsafe/fit-in/300x300/filters:fill(white)/product/00/177465/1.jpg?2723
387,"Oppo A96 (8Go+ 256Go)- 6,59"" FHD+ 90Hz- 5000mAh+33W - 50MP- RAM+ Sunset Blue","3,469.00 Dhs",https://ma.jumia.is/unsafe/fit-in/300x300/filters:fill(white)/product/00/423605/1.jpg?1279
388,Huawei nova 9 SE 8GB+128GB Pearl White,"2,999.00 Dhs",https://ma.jumia.is/unsafe/fit-in/300x300/filters:fill(white)/product/40/389475/1.jpg?9392
389,"Samsung Galaxy S22 Ultra  6,8"" (12 Gb Ram -256 Gb Storage) 5,000mAh Burgundy","12,390.00 Dhs",https://ma.jumia.is/unsafe/fit-in/300x300/filters:fill(white)/product/83/870325/1.jpg?7775
400,realme 9Pro - MOBILE PHONE - RMX3472 - 128GB - 8GB - Aurora Green,"3,199.00 Dhs",https://ma.jumia.is/unsafe/fit-in/300x300/filters:fill(white)/product/48/846505/1.jpg?0667
401,"XIAOMI Redmi 10A – 6,53’’ - 2 GB RAM + 32 GB ROM - 13Mpx – Chrome silver","1,349.00 Dhs",https://ma.jumia.is/unsafe/fit-in/300x300/filters:fill(white)/product/12/646635/1.jpg?2497
402,"Vivo Y20S 6.51"" 4G (8Go, 128Go)  13MP+2MP+2MP/8MP  Android - Blanc","2,299.00 Dhs",https://ma.jumia.is/unsafe/fit-in/300x300/filters:fill(white)/product/49/050384/1.jpg?2066
403,"Samsung Galaxy A03 (4G Ram 64G Rom) 6.5""-5000 mAh-48MP-Dual Sim-Rouge","1,540.00 Dhs",https://ma.jumia.is/unsafe/fit-in/300x300/filters:fill(white)/product/11/876725/1.jpg?5326
404,Samsung Galaxy Z Flip4 5G - 8+256GB - Graphite,"11,490.00 Dhs",https://ma.jumia.is/unsafe/fit-in/300x300/filters:fill(white)/product/23/180465/1.jpg?3846
405,XIAOMI REDMI 10C 4GO 64GO - BLEU,"1,780.00 Dhs",https://ma.jumia.is/unsafe/fit-in/300x300/filters:fill(white)/product/51/531315/1.jpg?6108
406,"XIAOMI Redmi Note 11 Pro  - AMOLED de 6,67’’(8Go, 128Go) Mediatek G96 -108MP- Blanc","3,399.00 Dhs",https://ma.jumia.is/unsafe/fit-in/300x300/filters:fill(white)/product/41/935425/1.jpg?2487
407,"Huawei Y5P 5.45"" (2Go, 32Go) 8MP/5MP Android - Bleu",999.00 Dhs,https://ma.jumia.is/unsafe/fit-in/300x300/filters:fill(white)/product/30/733753/1.jpg?8049
408,Samsung Galaxy A52 - 6.5'' - (8GB - 128GB)  -64MP+12MP+5MP+5MP/32MP+Kit + Band-Bleu,"3,690.00 Dhs",https://ma.jumia.is/unsafe/fit-in/300x300/filters:fill(white)/product/34/480314/1.jpg?2836
409,"XIAOMI Redmi Note 11 Pro - AMOLED FHD+ de 6,67’’(6Go, 128Go) Snapdragon -108MP- Bleu","3,199.00 Dhs",https://ma.jumia.is/unsafe/fit-in/300x300/filters:fill(white)/product/42/239585/1.jpg?6765
410,Itel A33 2019,829.00 Dhs,https://ma.jumia.is/unsafe/fit-in/300x300/filters:fill(white)/product/04/058092/1.jpg?9734
411,"Oppo RENO 6Z - 5G - 6,4 ""Full HD +  (8Go, 128 Go) 64MP -  - AURORA","3,699.00 Dhs",https://ma.jumia.is/unsafe/fit-in/300x300/filters:fill(white)/product/70/922174/1.jpg?5653
412,"Samsung Galaxy A03 rouge 4G + 128GB 6.5” HD 5,000mAh","1,770.00 Dhs",https://ma.jumia.is/unsafe/fit-in/300x300/filters:fill(white)/product/02/961315/1.jpg?0069
413,"XIAOMI Redmi Note 10  Pro - 6.67"" (8Go, 128Go)108MP/8MP-Dual Sim - Gris","2,889.00 Dhs",https://ma.jumia.is/unsafe/fit-in/300x300/filters:fill(white)/product/09/131804/1.jpg?8426
414,"Samsung Galaxy A32 ( 6 GB + 128 GB ) - 64 MP - 6.4""- 5,000mAh - Noir","2,790.00 Dhs",https://ma.jumia.is/unsafe/fit-in/300x300/filters:fill(white)/product/60/930604/1.jpg?8668
415,Samsung Galaxy A52S - 5G - 6.5'' - (6GB - 128GB) - 64MP / 32MP - Blanc + Band + Écouteur,"4,599.00 Dhs",https://ma.jumia.is/unsafe/fit-in/300x300/filters:fill(white)/product/44/864345/1.jpg?1956
416,Samsung Galaxy A52 - 6.5'' - (8GB - 128GB)  -64MP+12MP+5MP+5MP/32MP +Kit + Band -Violet,"3,590.00 Dhs",https://ma.jumia.is/unsafe/fit-in/300x300/filters:fill(white)/product/68/229335/1.jpg?3630
417,"Samsung Galaxy A03s Noir 4G + 64GB 6.5” HD 5,000mAh","1,599.00 Dhs",https://ma.jumia.is/unsafe/fit-in/300x300/filters:fill(white)/product/13/579124/1.jpg?3589
418,"Samsung Galaxy A03 Core (2G Ram 32G Rom) 6.5""  5000 mAh Bleu","1,190.00 Dhs",https://ma.jumia.is/unsafe/fit-in/300x300/filters:fill(white)/product/36/860384/1.jpg?4906
419,Samsung Galaxy M32 (6G RAM 128 Storage ) 48MP-6000 mAh-Super AMOLED- Noir,"2,499.00 Dhs",https://ma.jumia.is/unsafe/fit-in/300x300/filters:fill(white)/product/21/699024/1.jpg?9235
420,Huawei Nova 9 8GB+128GB Dual Card Starry Blue,"4,899.00 Dhs",https://ma.jumia.is/unsafe/fit-in/300x300/filters:fill(white)/product/64/912974/1.jpg?5541
421,Infinix Hot 12 (128GB /4GB Ram) - Helio G85 -13 MP-Dual Sim -5000 Mah-Blanc,"1,999.00 Dhs",https://ma.jumia.is/unsafe/fit-in/300x300/filters:fill(white)/product/40/935425/1.jpg?2487
422,"Samsung Galaxy A32 Noir 6 GB + 128 GB Storage 6.4"" 5,000mAh","2,790.00 Dhs",https://ma.jumia.is/unsafe/fit-in/300x300/filters:fill(white)/product/14/643725/1.jpg?9406
423,Samsung Galaxy M52 - 5G - 6.7'' - (8GB - 128GB)  -64MP+12MP+5MP- Snapdragon 778G-Bleu,"3,590.00 Dhs",https://ma.jumia.is/unsafe/fit-in/300x300/filters:fill(white)/product/83/565134/1.jpg?2830
424,Samsung Galaxy Z Flip4 5G - 8+256GB - Bora Purple,"11,490.00 Dhs",https://ma.jumia.is/unsafe/fit-in/300x300/filters:fill(white)/product/13/180465/1.jpg?3846
425,"Infinix SMART 6 X657B - 6.6"" - 64 Go - 3 Go RAM - 8 MP - Midnight Black","1,339.00 Dhs",https://ma.jumia.is/unsafe/fit-in/300x300/filters:fill(white)/product/38/480605/1.jpg?8281
426,"Samsung Galaxy A03  (4G Ram  64G Rom) 6.5""  5000 mAh - 48MP - Dual Sim-Bleu","1,540.00 Dhs",https://ma.jumia.is/unsafe/fit-in/300x300/filters:fill(white)/product/01/876725/1.jpg?5259
427,Huawei nova 9 SE 8GB+128GB Midnight Black,"3,149.00 Dhs",https://ma.jumia.is/unsafe/fit-in/300x300/filters:fill(white)/product/10/177465/1.jpg?2784
428,"Samsung Galaxy S21 6.2"" (256Go, 8Go) Android 11 - NOIR - 1 an de garantie","9,900.00 Dhs",https://ma.jumia.is/unsafe/fit-in/300x300/filters:fill(white)/product/30/855224/1.jpg?6552
429,"XIAOMI Redmi 9C 6.53"" (3Go, 64Go) Android 13MP+2MP+2MP/5MP - Orange","1,490.00 Dhs",https://ma.jumia.is/unsafe/fit-in/300x300/filters:fill(white)/product/57/576904/1.jpg?6488
430,"Huawei Y5P 5.45"" (2Go, 32Go) 8MP/5MP Android - Noir",999.00 Dhs,https://ma.jumia.is/unsafe/fit-in/300x300/filters:fill(white)/product/10/733753/1.jpg?8050
431,"realme 9 Pro RMX3393 6.4"" - 256GB ROM + 8GB RAM - Midnight","4,300.00 Dhs",https://ma.jumia.is/unsafe/fit-in/300x300/filters:fill(white)/product/97/202735/1.jpg?5598
432,"XIAOMI Redmi 9A 6.53"" (2Go, 32Go) 13MP/5MP Android - Gris","1,249.00 Dhs",https://ma.jumia.is/unsafe/fit-in/300x300/filters:fill(white)/product/74/255683/1.jpg?7820
433,Huawei Nova 9 8GB+128GB Dual Card Noir,"4,899.00 Dhs",https://ma.jumia.is/unsafe/fit-in/300x300/filters:fill(white)/product/24/912974/1.jpg?5542
434,"XIAOMI Redmi 9T 6,53"" (4Go, 128Go) 48MP+8MP+2MP+2MP/8MP Android - Gris","1,949.00 Dhs",https://ma.jumia.is/unsafe/fit-in/300x300/filters:fill(white)/product/62/319404/1.jpg?5763
435,"Huawei Y5P 5.45"" (2Go, 32Go) 8MP/5MP Android - Vert",999.00 Dhs,https://ma.jumia.is/unsafe/fit-in/300x300/filters:fill(white)/product/20/733753/1.jpg?8049
436,Oppo A53 (4Go - 64 Go) - Ecran 90 Hz - Batterie 5000 mAh - Noir,"1,850.00 Dhs",https://ma.jumia.is/unsafe/fit-in/300x300/filters:fill(white)/product/62/976835/1.jpg?7152
437,"Nokia C10 Telephone 6.5""HD 3G+ 32Gb Ram1Gb-Double SIM 3000mAh-5MP-Grand Ecran-Grey",978.00 Dhs,https://ma.jumia.is/unsafe/fit-in/300x300/filters:fill(white)/product/66/303174/1.jpg?0651
438,"realme C30 MOBILE PHONE RMX3581 - 6.5"" - 2GB RAM + 32GB ROM - Bamboo Green","1,149.00 Dhs",https://ma.jumia.is/unsafe/fit-in/300x300/filters:fill(white)/product/41/389485/1.jpg?5528
439,Samsung Galaxy Z Fold4 Dual SIM - 12Gb Ram + 512Gb Rom - Beige,"20,990.00 Dhs",https://ma.jumia.is/unsafe/fit-in/300x300/filters:fill(white)/product/87/022465/1.jpg?2043
450,XIAOMI Redmi 10C 4GB 128GB-Gray-,"2,200.00 Dhs",https://ma.jumia.is/unsafe/fit-in/300x300/filters:fill(white)/product/38/773115/1.jpg?9289
451,"Itel P37 Pro Telephone 6.8"" 4G+- 32Gb Ram2Gb-Double SIM 5000mAh-13MP-Gradation Blue","1,248.00 Dhs",https://ma.jumia.is/unsafe/fit-in/300x300/filters:fill(white)/product/08/230125/1.jpg?7409
452,Samsung Galaxy Z Fold4 Dual SIM - 12Gb Ram + 256Gb Rom - Gris vert,"19,490.00 Dhs",https://ma.jumia.is/unsafe/fit-in/300x300/filters:fill(white)/product/26/022465/1.jpg?2045
453,"Oppo A96 - 6.59"" FHD+  (8Go, 256Go) 50MP- Snapdragon - Android 11.0 - Bleu","3,490.00 Dhs",https://ma.jumia.is/unsafe/fit-in/300x300/filters:fill(white)/product/82/890505/1.jpg?2728
454,Huawei Nova Y60 4GB+64GB NOIR Dual Card,"1,726.00 Dhs",https://ma.jumia.is/unsafe/fit-in/300x300/filters:fill(white)/product/14/287874/1.jpg?8679
455,"XIAOMI Redmi 10 - 4G - 6.5"" - (4Go, 64Go) - 50MP/8MP - Android - Bleu + Band + Écouteur","1,899.00 Dhs",https://ma.jumia.is/unsafe/fit-in/300x300/filters:fill(white)/product/22/864345/1.jpg?1958
456,Huawei P50 Pocket 12GB + 512GB - Dual sim - Gold + GIFT HUAWEI freebuds 4i black,"16,900.00 Dhs",https://ma.jumia.is/unsafe/fit-in/300x300/filters:fill(white)/product/65/394565/1.jpg?4770
457,"XIAOMI Redmi Note 10  Pro - 6.67"" (8Go, 128Go)108MP/8MP-Dual Sim - Gris + Kit + Band","2,990.00 Dhs",https://ma.jumia.is/unsafe/fit-in/300x300/filters:fill(white)/product/40/231804/1.jpg?8425
458,Samsung 6.5” A53 - 5G - 64 Mpx - 8Gb RAM 128Gb ROM - Android - Peach (Orange),"4,490.00 Dhs",https://ma.jumia.is/unsafe/fit-in/300x300/filters:fill(white)/product/51/781605/1.jpg?5126
459,Samsung Galaxy Z Flip4 5G - 8+256GB - Pink Gold,"11,490.00 Dhs",https://ma.jumia.is/unsafe/fit-in/300x300/filters:fill(white)/product/53/180465/1.jpg?3846
460,XIAOMI Redmi 9A (2Go/32Go) Dual Sim - Gris +Kit+ Incassable,"1,239.00 Dhs",https://ma.jumia.is/unsafe/fit-in/300x300/filters:fill(white)/product/98/205384/1.jpg?1239
461,"Samsung Galaxy Z Flip4 5G - 8 RAM, 256GB ROM - Blue","11,490.00 Dhs",https://ma.jumia.is/unsafe/fit-in/300x300/filters:fill(white)/product/03/180465/1.jpg?3967
462,Samsung Galaxy Z Fold4 Dual SIM - 12Gb Ram + 512Gb Rom - Gris vert,"20,990.00 Dhs",https://ma.jumia.is/unsafe/fit-in/300x300/filters:fill(white)/product/47/022465/1.jpg?2043
463,XIAOMI Mi 10T Lite - 5G - 6GB +128GB - 6.67''- 8K - 64MP - Snapdragon™  720G - Gris,"2,890.00 Dhs",https://ma.jumia.is/unsafe/fit-in/300x300/filters:fill(white)/product/21/697254/1.jpg?0728
464,"Oppo F9 - 4Go - 64Go - 25 MP - Dual SIM - 6,3 Pouces FHD - Sunrise Red","2,500.00 Dhs",https://ma.jumia.is/unsafe/fit-in/300x300/filters:fill(white)/product/48/056015/1.jpg?4327
465,"XIAOMI Redmi 9C 6.53"" (3Go, 64Go) Android 13MP+2MP+2MP/5MP - Gris +Kit+Band","1,699.00 Dhs",https://ma.jumia.is/unsafe/fit-in/300x300/filters:fill(white)/product/97/069794/1.jpg?1525
466,Samsung Galaxy Z Fold4 Dual SIM - 12Gb Ram + 256Gb Rom - Beige,"19,490.00 Dhs",https://ma.jumia.is/unsafe/fit-in/300x300/filters:fill(white)/product/76/022465/1.jpg?2044
467,"Samsung Galaxy A23 6.6"" 4G LTE (6GB RAM + 128GB ROM) - 50 Mpx - Orange","2,590.00 Dhs",https://ma.jumia.is/unsafe/fit-in/300x300/filters:fill(white)/product/12/935425/1.jpg?2486
468,Huawei Nova 8i 8GB+128GB Starry Noir,"2,954.00 Dhs",https://ma.jumia.is/unsafe/fit-in/300x300/filters:fill(white)/product/65/287874/1.jpg?1540
469,"Oppo A96 (8Go+ 256Go)- 6,59"" FHD+ 90Hz- 5000mAh+33W-50MP-Sunset Blue","3,499.00 Dhs",https://ma.jumia.is/unsafe/fit-in/300x300/filters:fill(white)/product/46/326665/1.jpg?5026
470,"XIAOMI Redmi Note 10S 6,43"" (6Go, 128Go) - 64MP - Android 11 - Bleu + Band + Écouteur","2,899.00 Dhs",https://ma.jumia.is/unsafe/fit-in/300x300/filters:fill(white)/product/91/337225/1.jpg?0770
471,Honor X8 (6GB -128GB) Qualcomm Snapdragon 680 -5000 mAh - 64 MP- NFC- NOIR,"2,599.00 Dhs",https://ma.jumia.is/unsafe/fit-in/300x300/filters:fill(white)/product/21/759485/1.jpg?7826
472,realme SMARTPHONE  C11 2021 (32+2Gb) 6.5″ – 5000mAh – 13Mp+2Mp AI,"1,249.00 Dhs",https://ma.jumia.is/unsafe/fit-in/300x300/filters:fill(white)/product/91/346415/1.jpg?8827
473,Huawei nova 9 SE 8GB+128GB Crystal Blue,"2,999.00 Dhs",https://ma.jumia.is/unsafe/fit-in/300x300/filters:fill(white)/product/50/389475/1.jpg?2781
474,"Samsung Galaxy Z Fold3 5G (12Go, 512Go) - Silver","18,990.00 Dhs",https://ma.jumia.is/unsafe/fit-in/300x300/filters:fill(white)/product/64/193434/1.jpg?4243
475,"Samsung Galaxy M13 - 6.6"" - 4GB RAM + 128GB ROM - 50Mpx - Orange copper","2,099.00 Dhs",https://ma.jumia.is/unsafe/fit-in/300x300/filters:fill(white)/product/36/837285/1.jpg?8021
476,"Huawei Y5P 5.45"" (2Go, 32Go) 8MP/5MP Android - Dual Sim- Bleu","1,029.00 Dhs",https://ma.jumia.is/unsafe/fit-in/300x300/filters:fill(white)/product/56/535904/1.jpg?0464
477,"Itel BRAND MOBILE PHONE - 6.8"" - P38Pro - 64GB ROM + 4GB RAM - Ocean Blue","1,399.00 Dhs",https://ma.jumia.is/unsafe/fit-in/300x300/filters:fill(white)/product/91/289075/1.jpg?9467
478,Samsung Galaxy Z Fold4 Dual SIM - 12Gb Ram + 256Gb Rom - Phantom Black,"19,490.00 Dhs",https://ma.jumia.is/unsafe/fit-in/300x300/filters:fill(white)/product/07/022465/1.jpg?2044
479,"XIAOMI Redmi Note 10  Pro - 6.67"" (8Go, 128Go)108MP/8MP-Dual Sim - Gris + Kit + Band","2,990.00 Dhs",https://ma.jumia.is/unsafe/fit-in/300x300/filters:fill(white)/product/74/612904/1.jpg?9454
480,Samsung Galaxy Z Fold4 Dual SIM - 12Gb Ram + 512Gb Rom - Phantom Black,"20,990.00 Dhs",https://ma.jumia.is/unsafe/fit-in/300x300/filters:fill(white)/product/17/022465/1.jpg?2044
481,"Oppo A55 6.5"" (4Go, 128 Go) Android 11 - 50MP+13MP/16MP-Helio G35 - Bleu","2,479.00 Dhs",https://ma.jumia.is/unsafe/fit-in/300x300/filters:fill(white)/product/84/240005/1.jpg?2227
482,Infinix SMART - 6.6″ - X657B- 64 Go - 3 Go - Quetzal Cyan,"1,359.00 Dhs",https://ma.jumia.is/unsafe/fit-in/300x300/filters:fill(white)/product/18/846505/1.jpg?0604
483,"Samsung Galaxy M13 - 6.6"" - 4GB RAM + 128GB ROM – 50Mpx – Deep Green","2,099.00 Dhs",https://ma.jumia.is/unsafe/fit-in/300x300/filters:fill(white)/product/56/837285/1.jpg?7931
484,"Huawei nova Y70 - 6,75"" - 4GB+128GB - Pearl White Dual Card","2,099.00 Dhs",https://ma.jumia.is/unsafe/fit-in/300x300/filters:fill(white)/product/71/641285/1.jpg?5908
485,"XIAOMI Redmi A1+ (32GO,2GO)-Noir","1,249.00 Dhs",https://ma.jumia.is/unsafe/fit-in/300x300/filters:fill(white)/product/00/011585/1.jpg?4882
486,Oppo A16K (4Go - 64 Go) - 4G Ecran 8 cœurs 90 Hz -Son Stéréo - Bleu,"1,795.00 Dhs",https://ma.jumia.is/unsafe/fit-in/300x300/filters:fill(white)/product/64/816665/1.jpg?4777
487,"Infinix Smart 6 – 6.6"" – 32 Go - 2 Go Ram - 4G – Heart of ocean.","1,299.00 Dhs",https://ma.jumia.is/unsafe/fit-in/300x300/filters:fill(white)/product/91/669944/1.jpg?5589
488,Oppo A16K (4Go - 64 Go) - Ecran 90 Hz - Batterie 5000 mAh - Son Stéréo - Bleu,"1,749.00 Dhs",https://ma.jumia.is/unsafe/fit-in/300x300/filters:fill(white)/product/86/412015/1.jpg?5805
489,"XIAOMI Redmi 9C 6.53"" (3Go, 64Go) Android 13MP+2MP+2MP/5MP Grey- Noir","1,599.00 Dhs",https://ma.jumia.is/unsafe/fit-in/300x300/filters:fill(white)/product/05/615104/1.jpg?7374
500,XIAOMI REDMI NOTE11 4GB 128GB -BLEU,"2,600.00 Dhs",https://ma.jumia.is/unsafe/fit-in/300x300/filters:fill(white)/product/18/919384/1.jpg?5872
501,"Accent Cameleon C6 Plus - 5.5"" - 4G-LTE - 8 Go-1Go-8Mp -Quad-core- Android Nougat-Noir",989.00 Dhs,https://ma.jumia.is/unsafe/fit-in/300x300/filters:fill(white)/product/82/870243/1.jpg?6134
502,"Samsung Galaxy A23 6.6"" 4G (6GB RAM + 128GB ROM) - 50 Mpx - Black","2,590.00 Dhs",https://ma.jumia.is/unsafe/fit-in/300x300/filters:fill(white)/product/91/935425/1.jpg?2485
503,Honor X8 (6GB -128GB) Qualcomm Snapdragon 680 -5000 mAh - 64 MP- NFC- NOIR,"2,540.00 Dhs",https://ma.jumia.is/unsafe/fit-in/300x300/filters:fill(white)/product/18/021585/1.jpg?2061
504,"XIAOMI Redmi 9A 6.53"" (2Go, 32Go) 13MP/5MP Android -GRAY","1,280.00 Dhs",https://ma.jumia.is/unsafe/fit-in/300x300/filters:fill(white)/product/84/106384/1.jpg?9286
505,"Oppo A76 6,56"" 6Go RAM + 128Go ROM - Glowing Black","2,699.00 Dhs",https://ma.jumia.is/unsafe/fit-in/300x300/filters:fill(white)/product/51/802325/1.jpg?2820
506,"Oppo RENO 7 - 6,4"" - 8Go RAM + 256Go ROM - Selfie ultra sensible-Sunset Orange","4,148.00 Dhs",https://ma.jumia.is/unsafe/fit-in/300x300/filters:fill(white)/product/27/626665/1.jpg?5147
507,"Samsung Galaxy A23 6.6"" 4G LTE (6GB RAM + 128GB ROM) - 50 Mpx - Blanc","2,590.00 Dhs",https://ma.jumia.is/unsafe/fit-in/300x300/filters:fill(white)/product/52/935425/1.jpg?2485
508,Samsung Galaxy A04s (4Go Ram - 64Go ROM) - Noir,"1,799.00 Dhs",https://ma.jumia.is/unsafe/fit-in/300x300/filters:fill(white)/product/74/195685/1.jpg?3385
509,"XIAOMI REDMI NOTE 10S ONYX GRAY 6,43” 6GB RAM 128GB ROM - 64MP/13MP","2,698.00 Dhs",https://ma.jumia.is/unsafe/fit-in/300x300/filters:fill(white)/product/41/231115/1.jpg?1555
510,"Oppo A76 6,56"" 6Go RAM + 128Go ROM - Glowing Blue","2,699.00 Dhs",https://ma.jumia.is/unsafe/fit-in/300x300/filters:fill(white)/product/04/747225/1.jpg?8778
511,Itel A33 plus-16Go-ram 1Go-bleu,899.00 Dhs,https://ma.jumia.is/unsafe/fit-in/300x300/filters:fill(white)/product/25/131115/1.jpg?1559
512,"Huawei nova 9 - 6.57"" - 8GB RAM + 128GB ROM - Dual Card Starry Blue","4,699.00 Dhs",https://ma.jumia.is/unsafe/fit-in/300x300/filters:fill(white)/product/58/670735/1.jpg?3589
513,XIAOMI Mi 10 - 5G - 8GB +256GB - 6.67''  90Hz - 8K - 108 MP - SnapDragon 865 - Vert,"5,990.00 Dhs",https://ma.jumia.is/unsafe/fit-in/300x300/filters:fill(white)/product/90/624735/1.jpg?8670
514,"Oppo Reno6 Z 5G 6.4"" 5G (8Go, 128Go) 64MP+8MP+2MP/32MP Android - Bleu Aurore","3,849.00 Dhs",https://ma.jumia.is/unsafe/fit-in/300x300/filters:fill(white)/product/47/995764/1.jpg?9741
515,Huawei nova 9 SE 8GB+128GB Midnight Black,"2,999.00 Dhs",https://ma.jumia.is/unsafe/fit-in/300x300/filters:fill(white)/product/00/389475/1.jpg?2781
516,Samsung Galaxy A03 4GB/128GB- Black,"1,799.00 Dhs",https://ma.jumia.is/unsafe/fit-in/300x300/filters:fill(white)/product/56/441315/1.jpg?7201
517,"Samsung Galaxy A13 6.6"" LTE 4GB RAM + 128GB ROM 50 Mpx - Blue","2,300.00 Dhs",https://ma.jumia.is/unsafe/fit-in/300x300/filters:fill(white)/product/01/064085/1.jpg?1831
518,"Oppo A76 6,56"" 6Go RAM 128Go ROM - 13Mpx 5000 mAh-Glowing Blue","2,728.00 Dhs",https://ma.jumia.is/unsafe/fit-in/300x300/filters:fill(white)/product/68/516665/1.jpg?4661
519,"Oppo A55 6.5"" (4Go, 128 Go) Android 11 - 50MP+13MP/16MP-Helio G35 - Noir cristal","2,479.00 Dhs",https://ma.jumia.is/unsafe/fit-in/300x300/filters:fill(white)/product/65/240005/1.jpg?2284
520,Samsung Galaxy A52 - 6.5'' - (8GB - 128GB)  -64MP+12MP+5MP+5MP/32MP- 4G -Bleu,"3,540.00 Dhs",https://ma.jumia.is/unsafe/fit-in/300x300/filters:fill(white)/product/54/480314/1.jpg?2836
521,Oppo A16K (4Go - 64 Go) - Ecran 90 Hz  - Son Stéréo - Bleu,"1,799.00 Dhs",https://ma.jumia.is/unsafe/fit-in/300x300/filters:fill(white)/product/89/651825/1.jpg?9945
522,"XIAOMI Redmi 9A 6.53"" (2Go, 32Go) 13MP/5MP Android - Vert","1,249.00 Dhs",https://ma.jumia.is/unsafe/fit-in/300x300/filters:fill(white)/product/35/595093/1.jpg?6921
523,"XIAOMI Redmi Note 10 - 5G  (4Go, 128Go) 48MP+2MP+2MP - Android - Gris +Kit+ Band","2,899.00 Dhs",https://ma.jumia.is/unsafe/fit-in/300x300/filters:fill(white)/product/46/187714/1.jpg?0768
524,"XIAOMI Mi 11 Lite 6.55""  5G  (6Go, 128Go) 64MP+8MP+5MP/16MP - Bleu","3,690.00 Dhs",https://ma.jumia.is/unsafe/fit-in/300x300/filters:fill(white)/product/08/967554/1.jpg?4094
525,"Huawei nova 9 - 6,57"" - 8GB RAM + 128GB ROM - Dual Card - Black","4,699.00 Dhs",https://ma.jumia.is/unsafe/fit-in/300x300/filters:fill(white)/product/22/271735/1.jpg?1500
526,"Samsung Galaxy A23 6.6"" LTE 4GB RAM + 128GB ROM - 50 Mpx - Black","2,900.00 Dhs",https://ma.jumia.is/unsafe/fit-in/300x300/filters:fill(white)/product/89/264085/1.jpg?1798
527,XIAOMI REDMI NOTE10 5G  6GB/ 128 GB  Écran FHD+ 90Hz Adaptive Sync,"2,719.00 Dhs",https://ma.jumia.is/unsafe/fit-in/300x300/filters:fill(white)/product/86/187714/1.jpg?0829
528,Samsung Galaxy S20 5G - 128Go + 12Go RAM - Dual SIM - Gris / Remis à Neuf,"4,399.00 Dhs",https://ma.jumia.is/unsafe/fit-in/300x300/filters:fill(white)/product/60/658295/1.jpg?3324
529,"Samsung Galaxy A20, 6.4"", 3Go, 32Go - Rouge - Garantie 1 an","1,699.00 Dhs",https://ma.jumia.is/unsafe/fit-in/300x300/filters:fill(white)/product/38/859582/1.jpg?1949
530,"Samsung Galaxy A30, 6.4"", 4Go, 64Go - Blanc - Garantie 1 an","2,078.00 Dhs",https://ma.jumia.is/unsafe/fit-in/300x300/filters:fill(white)/product/79/122982/1.jpg?3958
531,"Samsung Galaxy A70, 6.7"", 6Go, 128Go - Noir - Garantie 1 an","3,999.00 Dhs",https://ma.jumia.is/unsafe/fit-in/300x300/filters:fill(white)/product/67/585982/1.jpg?8259
532,"Samsung Galaxy S9, 5.8"", 4Go, 64Go - Noir - Garantie 1 an","6,490.00 Dhs",https://ma.jumia.is/unsafe/fit-in/300x300/filters:fill(white)/product/05/808752/1.jpg?2215
533,"UMIDIGI A3S 5.7"" - 16 Go - 2 Go Ram - Android - 13 MP - Dual Sim",799.00 Dhs,https://ma.jumia.is/unsafe/fit-in/300x300/filters:fill(white)/product/21/361633/1.jpg?6549
534,"Samsung Galaxy S8 - 5.8"" - 64 Go - 4 Go - Octa Core - Noir","6,990.00 Dhs",https://ma.jumia.is/unsafe/fit-in/300x300/filters:fill(white)/product/82/313582/1.jpg?6713
535,"Samsung Galaxy A10, 6.2"", 2Go, 32Go - Rouge - Garantie 1 an","1,420.00 Dhs",https://ma.jumia.is/unsafe/fit-in/300x300/filters:fill(white)/product/01/734272/1.jpg?1883
536,"Samsung Galaxy S9, 5.8"", 4Go, 128Go - Violet ","4,990.00 Dhs",https://ma.jumia.is/unsafe/fit-in/300x300/filters:fill(white)/product/14/148053/1.jpg?1227
537,"Samsung Galaxy A10, 6.2"", 2Go, 32Go - Noir - Garantie 1 an","1,599.00 Dhs",https://ma.jumia.is/unsafe/fit-in/300x300/filters:fill(white)/product/20/970472/1.jpg?1916
538,"Samsung Galaxy A20, 6.4"", 3Go, 32Go - Noir - Garantie 1 an","1,699.00 Dhs",https://ma.jumia.is/unsafe/fit-in/300x300/filters:fill(white)/product/77/859582/1.jpg?2285
539,"Samsung Galaxy A30, 6.4"", 4Go, 64Go - Noir - Garantie 1 an","2,449.00 Dhs",https://ma.jumia.is/unsafe/fit-in/300x300/filters:fill(white)/product/44/434272/1.jpg?1956
550,"Nokia 2.4 6.5"" (2Go, 32Go) 13 MP+2 MP/5MP Android - Fjord","1,099.00 Dhs",https://ma.jumia.is/unsafe/fit-in/300x300/filters:fill(white)/product/01/000973/1.jpg?3428
551,"Honor 10 Lite 6.2"" 4G (3Go, 64Go) Android 9.0 Pie - Rouge","2,499.00 Dhs",https://ma.jumia.is/unsafe/fit-in/300x300/filters:fill(white)/product/08/789352/1.jpg?4674
552,Cubot J5 5.5-Inch (2GB+16GB) Quad Core Android 9.0 5MP+8MP Smartphone -Gradient,569.00 Dhs,https://ma.jumia.is/unsafe/fit-in/300x300/filters:fill(white)/product/47/571292/1.jpg?3958
553,"XIAOMI Redmi 6A 5.45"" (2GB,16GB ROM) Android  5MP+13MP  - Doré",889.00 Dhs,https://ma.jumia.is/unsafe/fit-in/300x300/filters:fill(white)/product/54/256052/1.jpg?5102
554,"Oppo F9 - 4Go - 64Go - 25 MP - Dual SIM - 6,3 Pouces FHD - Sunerise Red","3,499.00 Dhs",https://ma.jumia.is/unsafe/fit-in/300x300/filters:fill(white)/product/83/536323/1.jpg?6568
555,"Samsung J2 Core 2018, 5"", 1Go, 8Go - Or - Garantie 1 an",949.00 Dhs,https://ma.jumia.is/unsafe/fit-in/300x300/filters:fill(white)/product/26/289662/1.jpg?1927
556,Oukitel C12 Pro - 4G - 6.18' - 2GB+16GB - Face ID & Fingerprint Identification - Android 8.1 - Violet,"1,441.00 Dhs",https://ma.jumia.is/unsafe/fit-in/300x300/filters:fill(white)/product/72/761782/1.jpg?1651
557,"Samsung Galaxy J4+, 6.0'', 2Go, 32Go - Or - Garantie 1 an","1,599.00 Dhs",https://ma.jumia.is/unsafe/fit-in/300x300/filters:fill(white)/product/48/218752/1.jpg?1963
558,Microsoft Lumia 950 XL – 32 Go - Windows 10 – Noir,"8,490.00 Dhs",https://ma.jumia.is/unsafe/fit-in/300x300/filters:fill(white)/product/79/982632/1.jpg?8661
559,"Alcatel U 5 - 5\"" - 4G - 8GB - 1GB - Android - Gris""",999.00 Dhs,https://ma.jumia.is/unsafe/fit-in/300x300/filters:fill(white)/product/15/455581/1.jpg?0589
560,"Samsung Galaxy S8 - 5.8"" - 64 Go - 4 Go - Octa Core - Gold","6,990.00 Dhs",https://ma.jumia.is/unsafe/fit-in/300x300/filters:fill(white)/product/73/313582/1.jpg?6694
561,"Samsung Galaxy A20 6.4"", 3Go, 32Go - Bleu - Garantie 1 an","1,699.00 Dhs",https://ma.jumia.is/unsafe/fit-in/300x300/filters:fill(white)/product/70/959582/1.jpg?2010
562,"Samsung Galaxy S9, 5.8"", 4Go, 64Go - Violet - Garantie 1 an","5,000.00 Dhs",https://ma.jumia.is/unsafe/fit-in/300x300/filters:fill(white)/product/24/959582/1.jpg?1921
563,"Nokia 2.4 6.5"" (2Go, 32Go) 13 MP+2 MP/5MP Android - Purple","1,069.00 Dhs",https://ma.jumia.is/unsafe/fit-in/300x300/filters:fill(white)/product/51/000973/1.jpg?3612
564,Cubot J7 5.7-Inch (2GB+16GB) Quad Core Android 9.0 8MP+13MP Smartphone -Gradient,589.00 Dhs,https://ma.jumia.is/unsafe/fit-in/300x300/filters:fill(white)/product/35/466792/1.jpg?6885
565,"Samsung Galaxy A80, 6.7"", 8Go, 128Go - Doré - Garantie 1 an","5,999.00 Dhs",https://ma.jumia.is/unsafe/fit-in/300x300/filters:fill(white)/product/71/334523/1.jpg?0181
566,"Samsung Galaxy J8, 6.0'', 4Go, 64Go - Doré - Garantie 1 an","1,997.00 Dhs",https://ma.jumia.is/unsafe/fit-in/300x300/filters:fill(white)/product/75/787982/1.jpg?6513
567,"Nokia 5 - 4G/Dual SIM - 5,2"" - 16Go - 2 Go - Android - Copper","2,290.00 Dhs",https://ma.jumia.is/unsafe/fit-in/300x300/filters:fill(white)/product/91/757952/1.jpg?3681
568,LG P705 Optimus L7,"3,098.00 Dhs",https://ma.jumia.is/unsafe/fit-in/300x300/filters:fill(white)/product/36/771/1.jpg?6967
569,"Samsung Galaxy J8, 6.0'', 4Go, 64Go - Noir - Garantie 1 an","1,997.00 Dhs",https://ma.jumia.is/unsafe/fit-in/300x300/filters:fill(white)/product/64/187982/1.jpg?3673
570,"Samsung Galaxy J6 plus, 6"", 3Go, 32Go - Noir - Garantie 1 an","2,499.00 Dhs",https://ma.jumia.is/unsafe/fit-in/300x300/filters:fill(white)/product/99/603052/1.jpg?2042
571,"Samsung Galaxy J4+, 6.0'', 2Go, 32Go - Noir - Garantie 1 an","1,599.00 Dhs",https://ma.jumia.is/unsafe/fit-in/300x300/filters:fill(white)/product/45/808752/1.jpg?1961
572,"Samsung J2 Core 2018, 5"", 1Go, 8Go - Noir - Garantie 1 an",949.00 Dhs,https://ma.jumia.is/unsafe/fit-in/300x300/filters:fill(white)/product/44/389662/1.jpg?1954
573,Cubot J7 5.7-Inch (2GB+16GB) Quad Core Android 9.0 8MP+13MP Smartphone -Black,589.00 Dhs,https://ma.jumia.is/unsafe/fit-in/300x300/filters:fill(white)/product/45/466792/1.jpg?6885
574,"Samsung Galaxy A80, 6.7"", 8Go, 128Go - Argent - Garantie 1 an","5,723.00 Dhs",https://ma.jumia.is/unsafe/fit-in/300x300/filters:fill(white)/product/13/051092/1.jpg?8252
575,"Samsung Galaxy J8, 6.0'', 4Go, 64Go - Bleu - Garantie 1 an","1,997.00 Dhs",https://ma.jumia.is/unsafe/fit-in/300x300/filters:fill(white)/product/74/187982/1.jpg?8260
576,"Samsung Galaxy A7, 6.0"", 4Go, 128Go - Or - Garantie 1 an","2,890.00 Dhs",https://ma.jumia.is/unsafe/fit-in/300x300/filters:fill(white)/product/15/959582/1.jpg?1909
577,"Oale X4 - 5.7"" - 4G/Dual SIM - 16Go - 2Go - Android - Gold",999.00 Dhs,https://ma.jumia.is/unsafe/fit-in/300x300/filters:fill(white)/product/16/617522/1.jpg?8649
578,"Samsung Galaxy A7, 6.0"", 4Go, 128Go - Noir - Garantie 1 an","2,694.00 Dhs",https://ma.jumia.is/unsafe/fit-in/300x300/filters:fill(white)/product/41/408982/1.jpg?6506
579,"Samsung Galaxy S9, 5.8"", 4Go, 64Go - Gris - Garantie 1 an","6,490.00 Dhs",https://ma.jumia.is/unsafe/fit-in/300x300/filters:fill(white)/product/94/808752/1.jpg?2035
580,"XIAOMI Note 5A - 4G/Dual SIM - 5.5"" - 16Go - 2Go - Android - Gris","1,390.00 Dhs",https://ma.jumia.is/unsafe/fit-in/300x300/filters:fill(white)/product/54/820412/1.jpg?4242
581,Htc Desire HD,"3,098.00 Dhs",https://ma.jumia.is/unsafe/fit-in/300x300/filters:fill(white)/product/43/851/1.jpg?1605
582,"Leagoo Z6 - 5"" - 3G/Dual SIM - 8Go - 1Go - Android - Gold",999.00 Dhs,https://ma.jumia.is/unsafe/fit-in/300x300/filters:fill(white)/product/08/700412/1.jpg?4035
583,"Oale P1 5.5""  (2GB, 16GB ROM) Android 8.0 8MP + 5MP - Noir",999.00 Dhs,https://ma.jumia.is/unsafe/fit-in/300x300/filters:fill(white)/product/62/989022/1.jpg?3252
584,"Leagoo P1 - 5\"" - 8 Go - 1 Go - Android - Gold""","1,000.00 Dhs",https://ma.jumia.is/unsafe/fit-in/300x300/filters:fill(white)/product/54/455581/1.jpg?8776
585,Htc One V - Gris,"2,859.00 Dhs",https://ma.jumia.is/unsafe/fit-in/300x300/filters:fill(white)/product/53/851/1.jpg?1604
586,"viwa X5 - 5"" - 4G - 8Go - 1Go - Android - Empreinte digitale - Rose Gold","1,190.00 Dhs",https://ma.jumia.is/unsafe/fit-in/300x300/filters:fill(white)/product/38/605602/1.jpg?7367
587,"Oale Apex 1 6"" HD (2GB, 32GB ROM) Android 8.1 13MP +8MP - Rose Gold","1,790.00 Dhs",https://ma.jumia.is/unsafe/fit-in/300x300/filters:fill(white)/product/66/550122/1.jpg?8402
588,Oale X2 - 4G/Dual SIM - 16Go - 2Go - Android - Rouge,"1,290.00 Dhs",https://ma.jumia.is/unsafe/fit-in/300x300/filters:fill(white)/product/66/885391/1.jpg?9852
589,Htc Desire C Noir,"2,025.00 Dhs",https://ma.jumia.is/unsafe/fit-in/300x300/filters:fill(white)/product/07/771/1.jpg?2702
590,"Leagoo M8 Pro - 5.7\"" 16 Go - 2 Go Android - Gris""","1,499.00 Dhs",https://ma.jumia.is/unsafe/fit-in/300x300/filters:fill(white)/product/83/597381/1.jpg?2350
591,Htc Desire A8181,"3,915.00 Dhs",https://ma.jumia.is/unsafe/fit-in/300x300/filters:fill(white)/product/54/371/1.jpg?1601
592,Htc Desire C Blanc,"2,025.00 Dhs",https://ma.jumia.is/unsafe/fit-in/300x300/filters:fill(white)/product/96/771/1.jpg?4077
593,"Oale P1 5.5""  (2GB, 16GB ROM) Android 8.0 8MP + 5MP - Rose Gold",999.00 Dhs,https://ma.jumia.is/unsafe/fit-in/300x300/filters:fill(white)/product/03/299022/1.jpg?3252
594,"Hotwav Symbol S3 - 6"" - 18:9 HD-Dual SIM - 16Go - 1Go - Android - Noir","1,199.00 Dhs",https://ma.jumia.is/unsafe/fit-in/300x300/filters:fill(white)/product/11/620412/1.jpg?3950
595,Htc Explorer,"2,140.00 Dhs",https://ma.jumia.is/unsafe/fit-in/300x300/filters:fill(white)/product/26/69/1.jpg?1598
596,Universal A89593 A9 - 6.1'' - 64 Go - 4Go Android - Gold,"2,460.00 Dhs",https://ma.jumia.is/unsafe/fit-in/300x300/filters:fill(white)/product/52/061782/1.jpg?1384
597,Oale X3 - 4G/Dual SIM - 16Go - 2Go - Android - Noir,"1,390.00 Dhs",https://ma.jumia.is/unsafe/fit-in/300x300/filters:fill(white)/product/76/885391/1.jpg?9965
598,"Leagoo M7 - 3G/Dual SIM - 5.5"" - 16Go - 1Go - Android - Empreinte digitale - Gold","1,490.00 Dhs",https://ma.jumia.is/unsafe/fit-in/300x300/filters:fill(white)/product/10/300412/1.jpg?0971
599,"Oale X4 - 5.7"" - 4G/Dual SIM - 16Go - 2Go - Android - Noir","1,590.00 Dhs",https://ma.jumia.is/unsafe/fit-in/300x300/filters:fill(white)/product/17/885391/1.jpg?0096
600,"Oale Apex 1 6"" HD (2GB, 32GB ROM) Android 8.1 13MP +8MP - Rouge","1,790.00 Dhs",https://ma.jumia.is/unsafe/fit-in/300x300/filters:fill(white)/product/46/550122/1.jpg?8388
601,"Oale X5 - 6"" - 4G/Dual SIM - 16Go - 2Go - Android - Empreinte digitale - Gold","1,890.00 Dhs",https://ma.jumia.is/unsafe/fit-in/300x300/filters:fill(white)/product/37/885391/1.jpg?1188
602,Htc Desire S,"3,260.00 Dhs",https://ma.jumia.is/unsafe/fit-in/300x300/filters:fill(white)/product/34/79/1.jpg?1599
603,Oale X2 - 4G/Dual SIM - 16Go - 2Go - Android - Gold,"1,290.00 Dhs",https://ma.jumia.is/unsafe/fit-in/300x300/filters:fill(white)/product/07/196991/1.jpg?1847
604,"Samsung Galaxy A10s, 6.2"", 2Go, 32Go - Noir - Garantie 1 an","1,299.00 Dhs",https://ma.jumia.is/unsafe/fit-in/300x300/filters:fill(white)/product/70/119743/1.jpg?6691
605,Cubot R15 Pro 6.26-Inch (3Go+32Go) Quad Core Android 9 13MP+16MP Smartphone -Aurora,750.00 Dhs,https://ma.jumia.is/unsafe/fit-in/300x300/filters:fill(white)/product/79/965413/1.jpg?9373
606,"Samsung Galaxy S10+, 6.4"", 8Go, 128Go - Vert - Garantie 1 an","9,999.00 Dhs",https://ma.jumia.is/unsafe/fit-in/300x300/filters:fill(white)/product/14/959582/1.jpg?1904
607,"Huawei Y6 Prime 2019 6"" 4G (2Go, 32Go) Android 9 Pie 13MP+8MP - Black","1,380.00 Dhs",https://ma.jumia.is/unsafe/fit-in/300x300/filters:fill(white)/product/52/283582/1.jpg?1053
608,"Infinix SMART 3 4G 5.5"" (1Go, 16Go) Android - Violet",899.00 Dhs,https://ma.jumia.is/unsafe/fit-in/300x300/filters:fill(white)/product/21/639123/1.jpg?6522
609,"Infinix SMART 3 4G 5.5"" (1Go, 16Go) Android - Noir",899.00 Dhs,https://ma.jumia.is/unsafe/fit-in/300x300/filters:fill(white)/product/11/639123/1.jpg?6512
610,"XIAOMI Redmi Go 5.0"" (1GB,8GB ROM) Android 5MP+8MP - Bleu",699.00 Dhs,https://ma.jumia.is/unsafe/fit-in/300x300/filters:fill(white)/product/34/104052/1.jpg?5102
611,"Nokia 2.2 5.71"" 4G (2Go, 16Go) Dual SIM Android Pie 13MP/5MP - Noir",990.00 Dhs,https://ma.jumia.is/unsafe/fit-in/300x300/filters:fill(white)/product/52/283123/1.jpg?3476
612,"Oale Apex 1 6"" HD (2GB, 32GB ROM) Android 8.1 13MP +8MP - Noir","1,790.00 Dhs",https://ma.jumia.is/unsafe/fit-in/300x300/filters:fill(white)/product/06/550122/1.jpg?8371
613,"Infinix SMART 2 HD, 6"", 1Go, 16 Go - Doré - Garantie 1 an","1,099.00 Dhs",https://ma.jumia.is/unsafe/fit-in/300x300/filters:fill(white)/product/65/504072/1.jpg?1823
614,"Infinix SMART 3 4G 5.5"" (1Go, 16Go) Android - Bleu",799.00 Dhs,https://ma.jumia.is/unsafe/fit-in/300x300/filters:fill(white)/product/22/919123/1.jpg?6524
615,"Infinix Hot 5 Lite – 5,5"" – 16 Go - 1 Go Ram - Dual Speaker -  Rouge","1,079.00 Dhs",https://ma.jumia.is/unsafe/fit-in/300x300/filters:fill(white)/product/53/348571/1.jpg?1423
616,"Accent Pearl - 5"" - 16 Go - 2Go - Android - Gold",459.00 Dhs,https://ma.jumia.is/unsafe/fit-in/300x300/filters:fill(white)/product/32/498223/1.jpg?1254
617,"Huawei Y3 2017 3G 5"" (8Go,1 Go) Android - Gold",899.00 Dhs,https://ma.jumia.is/unsafe/fit-in/300x300/filters:fill(white)/product/01/246423/1.jpg?1156
618,"Samsung Galaxy S10+, 6.4"", 8Go, 128Go - Noir - Garantie 1 an","9,990.00 Dhs",https://ma.jumia.is/unsafe/fit-in/300x300/filters:fill(white)/product/79/052282/1.jpg?2250
619,"Samsung Galaxy S10, 6.1"", 8Go, 128Go - Noir - Garantie 1 an","8,790.00 Dhs",https://ma.jumia.is/unsafe/fit-in/300x300/filters:fill(white)/product/10/152282/1.jpg?2218
620,"Samsung Galaxy A10, 6.2"", 2Go, 32Go - Bleu - Garantie 1 an","1,299.00 Dhs",https://ma.jumia.is/unsafe/fit-in/300x300/filters:fill(white)/product/46/585982/1.jpg?6512
621,"Huawei Y6 Prime 2019 6"" 4G (2Go, 32Go) Android 9 Pie 13MP+8MP - Bleu","1,380.00 Dhs",https://ma.jumia.is/unsafe/fit-in/300x300/filters:fill(white)/product/41/804582/1.jpg?2280
622,"Infinix Hot 7 -Duo (16GB - 1GB) 6.2"" - (8FF- 13MP) - 4000mAh - cosmic purpple","1,149.00 Dhs",https://ma.jumia.is/unsafe/fit-in/300x300/filters:fill(white)/product/98/286752/1.jpg?4670
623,"Blackview A60 - 1Go - 16Go - 6.1"" - 13+13MP / 5MP - Noir",579.00 Dhs,https://ma.jumia.is/unsafe/fit-in/300x300/filters:fill(white)/product/33/356682/1.jpg?9610
624,"Samsung Galaxy S10+, 6.4"", 8Go, 128Go - Blanc - Garantie 1 an","9,999.00 Dhs",https://ma.jumia.is/unsafe/fit-in/300x300/filters:fill(white)/product/00/959582/1.jpg?1882
625,"Samsung Galaxy S10, 6.1"", 8Go, 128Go - Blanc - Garantie 1 an","8,790.00 Dhs",https://ma.jumia.is/unsafe/fit-in/300x300/filters:fill(white)/product/70/152282/1.jpg?2009
626,"Hotwav IP7 - 5.7"" - Dual SIM - 16Go - 1Go - Android - Gold","1,499.00 Dhs",https://ma.jumia.is/unsafe/fit-in/300x300/filters:fill(white)/product/18/700412/1.jpg?2134
627,"Yezz ANDY 5EL 5"" 4G Double sim - 8Go - sd card 8Go - 1 Go Ram - Android",645.00 Dhs,
628,"Oale X1 - 4G/Dual SIM - 5.5"" - 16Go - 2Go - Android - Bleu","1,290.00 Dhs",https://ma.jumia.is/unsafe/fit-in/300x300/filters:fill(white)/product/57/498202/1.jpg?0661
